fit_time,score_time,test_recall-0,train_recall-0,test_recall-1,train_recall-1,test_precision-0,train_precision-0,test_precision-1,train_precision-1,test_f1-0,train_f1-0,test_f1-1,train_f1-1,target_id
18.17038607597351,0.14760518074035645,0.9970096971250374,0.9975390010245361,0.16944444444444445,0.47115384615384615,0.9873508757086048,0.9919129539773562,0.46564885496183206,0.7464635473340587,0.9921567793908219,0.994718022444455,0.24847250509164967,0.5776842105263158,0
22.358181715011597,0.1266617774963379,0.9971378529625358,0.9978347433906862,0.24444444444444444,0.47458791208791207,0.9884814093334463,0.9919674076251876,0.567741935483871,0.7712053571428571,0.9927907619675478,0.994892424992365,0.341747572815534,0.5875850340136054,0
20.948962688446045,0.15756726264953613,0.996940998994301,0.9976332491350215,0.1226158038147139,0.4830917874396135,0.9866462074399701,0.9920948199434289,0.3813559322033898,0.7583965330444203,0.9917668883006441,0.994856326401016,0.18556701030927833,0.5902192242833052,0
21.703930377960205,0.11868405342102051,0.9973108113786293,0.9975076097447156,0.33060109289617484,0.4531034482758621,0.9897831526271893,0.9916389899309399,0.654054054054054,0.7365470852017937,0.9935327235814898,0.9945646426834168,0.4392014519056261,0.5610589239965841,0
10.954725742340088,0.0697777271270752,0.9972462294526352,0.9977138502571918,0.17355371900826447,0.4542326221610461,0.9874155795125634,0.9916578125164371,0.4921875,0.7534246575342466,0.9923065573424953,0.994676613503147,0.25661914460285135,0.5667668527264921,0
