fit_time,score_time,test_recall-0,train_recall-0,test_recall-1,train_recall-1,test_precision-0,train_precision-0,test_precision-1,train_precision-1,test_f1-0,train_f1-0,test_f1-1,train_f1-1,target_id
1.8580296039581299,0.15857768058776855,0.9972838388411046,0.997795622736577,0.0,0.8260869565217391,0.9994814958843736,0.9999098347722201,0.0,0.1623931623931624,0.9983814579826492,0.9988516099977482,0.0,0.2714285714285714,47
1.892935037612915,0.11669015884399414,0.9976483867933402,0.9981436020207348,0.0,0.6470588235294118,0.9994816943881638,0.9998170973347017,0.0,0.1527777777777778,0.9985641991291044,0.9989796488164433,0.0,0.24719101123595508,47
1.7453315258026123,0.1186838150024414,0.9965854415644886,0.9967764722269205,0.0,0.7307692307692307,0.9994811394178384,0.9998602808355206,0.0,0.10497237569060773,0.9980311900937775,0.9983159950575949,0.0,0.18357487922705315,47
1.7493207454681396,0.1296539306640625,0.9972141521072949,0.9975927275030883,0.0,0.8775510204081632,0.9994814519345832,0.9999365018890688,0.0,0.15867158671586715,0.998346514731956,0.9987632396778081,0.0,0.26875,47
0.9823744297027588,0.07483172416687012,0.9977150247898254,0.9984479279838584,0.0,0.8,0.9994817310183985,0.9998963784259883,0.0,0.21052631578947367,0.9985975964961489,0.9991716282681853,0.0,0.3333333333333333,47
