fit_time,score_time,test_recall-0,train_recall-0,test_recall-1,train_recall-1,test_precision-0,train_precision-0,test_precision-1,train_precision-1,test_f1-0,train_f1-0,test_f1-1,train_f1-1,target_id
1.6555685997009277,0.2652904987335205,0.9974227348585673,0.9975028971911043,0.0,0.9387755102040817,0.999322708320105,0.9999585096672475,0.0,0.2026431718061674,0.998371817643576,0.9987291940051108,0.0,0.3333333333333333,41
1.7912077903747559,0.08477306365966797,0.9970501474926253,0.9970545345681755,0.5454545454545454,0.9714285714285714,0.9996919095446423,0.999980628789493,0.1111111111111111,0.18230563002680966,0.9983692809452016,0.9985154379941488,0.1846153846153846,0.3069977426636569,41
1.792206048965454,0.09973454475402832,0.9984064899319136,0.9985975462103479,0.0,0.9253731343283582,0.9993233446109232,0.9999494837236558,0.0,0.30845771144278605,0.9988647068769777,0.9992730577010451,0.0,0.4626865671641791,41
1.7553024291992188,0.07978701591491699,0.9967550027041644,0.9970484342419713,0.1,0.9295774647887324,0.9993899545855081,0.9999522554524274,0.02040816326530612,0.17553191489361702,0.9980707395498392,0.998498233636706,0.033898305084745756,0.2953020134228188,41
0.9504585266113281,0.06682133674621582,0.9978753199092182,0.9978509161352813,0.0,0.9701492537313433,0.9993229846704386,0.9999797777575555,0.0,0.23381294964028776,0.9985986276215328,0.9989142127032064,0.0,0.3768115942028985,41
