fit_time,score_time,test_recall-0,train_recall-0,test_recall-1,train_recall-1,test_precision-0,train_precision-0,test_precision-1,train_precision-1,test_f1-0,train_f1-0,test_f1-1,train_f1-1,target_id
2.834416151046753,0.13064908981323242,0.9975157407804001,0.9972795896541341,0.08333333333333333,0.8888888888888888,0.9981142587751254,0.9997709979285722,0.06451612903225806,0.4018264840182648,0.9978149100257069,0.9985237397207581,0.07272727272727274,0.5534591194968553,35
2.7496438026428223,0.13663458824157715,0.9983815231179738,0.9983056976083475,0.0,0.9798994974874372,0.9979449958462682,0.9999586071299219,0.0,0.5431754874651811,0.9981632117554446,0.9991314687483843,0.0,0.6989247311827956,35
3.0558202266693115,0.16655397415161133,0.9977727331134622,0.9977053027235253,0.4375,0.8838383838383839,0.998842294828917,0.9997606933649634,0.2876712328767123,0.44191919191919193,0.9983072274957681,0.9987319405467208,0.34710743801652894,0.5892255892255892,35
2.908220052719116,0.15358901023864746,0.9967749737966621,0.9972799156562994,0.2549019607843137,0.9025641025641026,0.998465514456469,0.99979917768547,0.13978494623655913,0.4055299539170507,0.9976195279402864,0.9985379576799448,0.18055555555555552,0.5596184419713832,35
1.4650287628173828,0.07277441024780273,0.9976673387893884,0.9978911225798247,0.2692307692307692,0.8814432989690721,0.9984963596074707,0.999755804941234,0.1917808219178082,0.46216216216216216,0.9980816770493425,0.9988225934765315,0.22399999999999998,0.6063829787234043,35
