fit_time,score_time,test_recall-0,train_recall-0,test_recall-1,train_recall-1,test_precision-0,train_precision-0,test_precision-1,train_precision-1,test_f1-0,train_f1-0,test_f1-1,train_f1-1,target_id
5.934124946594238,0.17253875732421875,0.9972822678429569,0.9978448049285632,0.5919540229885057,0.880057803468208,0.9970321447978933,0.9991262881985747,0.6130952380952381,0.7481572481572482,0.9971571906354516,0.9984851353910246,0.6023391812865498,0.8087649402390438,1
6.703066825866699,0.13164901733398438,0.9969721182556037,0.9974490063722351,0.6127167630057804,0.873015873015873,0.9971817952384958,0.9990746777144539,0.5955056179775281,0.7134433962264151,0.9970769457237189,0.9982611801911125,0.603988603988604,0.7852044127190136,1
6.560447454452515,0.12466621398925781,0.99726649564742,0.9976904584439988,0.6589595375722543,0.862914862914863,0.9975181929079208,0.999001387545726,0.6368715083798883,0.7310513447432763,0.9973923283983849,0.9983454926492603,0.6477272727272727,0.7915287888815355,1
6.677136182785034,0.15558385848999023,0.9973506034736532,0.9977429480248171,0.5491329479768786,0.8744588744588745,0.9967218626544507,0.9990854523857078,0.6012658227848101,0.7381242387332522,0.9970361339415215,0.9984137489101089,0.5740181268882175,0.8005284015852049,1
3.0438549518585205,0.10771298408508301,0.9973085495605366,0.9975644834500351,0.5491329479768786,0.8701298701298701,0.9967217248770647,0.9990537770067812,0.5974842767295597,0.7221556886227545,0.9970150508702598,0.9983085747904104,0.572289156626506,0.7892670157068062,1
