fit_time,score_time,test_recall-0,train_recall-0,test_recall-1,train_recall-1,test_precision-0,train_precision-0,test_precision-1,train_precision-1,test_f1-0,train_f1-0,test_f1-1,train_f1-1,target_id
3.473706007003784,0.129655122756958,0.9973250679347826,0.9964694855238492,0.03076923076923077,0.7433962264150943,0.9973250679347826,0.9992898098152461,0.03076923076923077,0.3675373134328358,0.9973250679347826,0.9978776548868691,0.03076923076923077,0.49188514357053675,7
3.801828384399414,0.13364148139953613,0.9965809853353106,0.996673522498321,0.08955223880597014,0.7262357414448669,0.9974849509359281,0.9992425119146563,0.06741573033707865,0.37598425196850394,0.9970327632392335,0.9979563639038177,0.07692307692307693,0.4954604409857327,7
3.072779655456543,0.15857529640197754,0.9978255415237935,0.9970729055593887,0.0,0.8560606060606061,0.9972417251755266,0.9996017439423157,0.0,0.44664031620553357,0.9975335479285982,0.9983357233323215,0.0,0.587012987012987,7
3.551497220993042,0.13663911819458008,0.9979091745421093,0.9974701540906145,0.12121212121212122,0.7310606060606061,0.9975754535573949,0.9992564432854734,0.13793103448275862,0.4436781609195402,0.9977422861443264,0.998362499673023,0.12903225806451615,0.5522174535050072,7
2.270921468734741,0.07483291625976562,0.997741908505478,0.9969579125635075,0.25757575757575757,0.6893939393939394,0.9979505625496675,0.9991409024714769,0.23943661971830985,0.38477801268498946,0.9978462246199528,0.9980482138278557,0.2481751824817518,0.49389416553595666,7
