fit_time,score_time,test_recall-0,train_recall-0,test_recall-1,train_recall-1,test_precision-0,train_precision-0,test_precision-1,train_precision-1,test_f1-0,train_f1-0,test_f1-1,train_f1-1,target_id
1.9757137298583984,0.27526283264160156,0.9977281417999415,0.9977271216853858,0.6410256410256411,1.0,0.9993691420331651,1.0,0.33112582781456956,0.43564356435643564,0.9985479677176079,0.9988622678793605,0.4366812227074236,0.6068965517241379,63
2.1622159481048584,0.17752885818481445,0.9980408211006492,0.9980232762149833,0.11666666666666667,0.9866666666666667,0.9984495670489117,0.9999765610350647,0.0945945945945946,0.4668769716088328,0.9982451522330438,0.9989989638397639,0.1044776119402985,0.6338329764453962,63
2.1562321186065674,0.08178138732910156,0.9981691967350675,0.9988834992447201,0.0,0.9946524064171123,0.998245346353372,0.9999906072418165,0.0,0.6098360655737705,0.9982072700919251,0.9994367466486425,0.0,0.7560975609756098,63
2.219064235687256,0.0877680778503418,0.9983156712751772,0.9987102036171202,0.0,1.0,0.9982456140350877,1.0,0.0,0.5763239875389408,0.9982806414260148,0.9993546856465007,0.0,0.7312252964426877,63
1.3384506702423096,0.03989839553833008,0.998391695299364,0.9985190495505268,0.0,1.0,0.9982457422703018,1.0,0.0,0.5422740524781341,0.9983187134502923,0.9992589760653989,0.0,0.7032136105860113,63
