fit_time,score_time,test_recall-0,train_recall-0,test_recall-1,train_recall-1,test_precision-0,train_precision-0,test_precision-1,train_precision-1,test_f1-0,train_f1-0,test_f1-1,train_f1-1,target_id
4.586727857589722,0.2373642921447754,0.9965766355375437,0.9964373079094273,0.6339869281045751,0.6742671009771987,0.9985875349963427,0.9987426286605223,0.41630901287553645,0.4215885947046843,0.9975810718875198,0.9975886364492672,0.5025906735751295,0.5187969924812029,3
4.331411838531494,0.10870957374572754,0.9976579577391486,0.9977052320708784,0.13513513513513514,0.7927461139896373,0.9966723860032236,0.9992006235136593,0.18181818181818182,0.5708955223880597,0.9971649283429137,0.998452367877148,0.15503875968992248,0.6637744034707158,3
5.306798696517944,0.12267088890075684,0.9977087700482621,0.9976447755460988,0.22784810126582278,0.6902887139107612,0.9970283041847323,0.9988058372295424,0.27692307692307694,0.530241935483871,0.9973684210526316,0.9982249687725988,0.25,0.5997719498289624,3
4.833070755004883,0.12466645240783691,0.9973831037377179,0.9977013580134894,0.15384615384615385,0.7774869109947644,0.9967433139248002,0.9991418128950185,0.18461538461538463,0.5657142857142857,0.9970631061970927,0.9984210659066258,0.16783216783216784,0.6549062844542448,3
2.3068432807922363,0.05980944633483887,0.9978716935238674,0.9978537329000682,0.11842105263157894,0.78125,0.996609140138671,0.9991564401775492,0.17647058823529413,0.5836575875486382,0.9972400172182412,0.9985046616420621,0.14173228346456693,0.6681514476614699,3
