fit_time,score_time,test_recall-0,train_recall-0,test_recall-1,train_recall-1,test_precision-0,train_precision-0,test_precision-1,train_precision-1,test_f1-0,train_f1-0,test_f1-1,train_f1-1,target_id
1.9647443294525146,0.3869638442993164,0.9980940279542567,0.998060589848191,0.0,1.0,0.9976770225780036,1.0,0.0,0.5450980392156862,0.9978854817006412,0.9990293536834355,0.0,0.7055837563451777,56
2.3177990913391113,0.14461445808410645,0.9982382487442837,0.9983969186409313,0.0,1.0,0.9976772936724984,1.0,0.0,0.5917808219178082,0.9979576923797567,0.9991978163376277,0.0,0.7435456110154905,56
2.559152841567993,0.0797886848449707,0.9984256690906365,0.9983534835583573,0.0,1.0,0.9976777286688141,1.0,0.0,0.5853080568720379,0.9980515587529976,0.9991760634666542,0.0,0.7384155455904334,56
2.520256996154785,0.06682133674621582,0.99814083197769,0.9987209281377795,0.0,0.9922480620155039,0.9976771196283392,0.9999819621566045,0.0,0.6432160804020101,0.9979089219330854,0.9993510473374915,0.0,0.7804878048780487,56
1.2456977367401123,0.03590583801269531,0.9977652632519889,0.9976852919206544,0.0,0.9920634920634921,0.9976760815159099,0.9999815136614042,0.0,0.499001996007984,0.9977206703910615,0.9988320830929024,0.0,0.6640106241699868,56
