fit_time,score_time,test_recall-0,train_recall-0,test_recall-1,train_recall-1,test_precision-0,train_precision-0,test_precision-1,train_precision-1,test_f1-0,train_f1-0,test_f1-1,train_f1-1,target_id
2.3756442070007324,0.12267160415649414,0.9977002516705719,0.9973000651708407,0.0,0.8675496688741722,0.9984367536584307,0.9997925913635044,0.0,0.33418367346938777,0.9980683667932717,0.9985447728343786,0.0,0.4825046040515654,16
2.325774908065796,0.13863039016723633,0.9961359805976898,0.9961315888791042,0.10526315789473684,0.9530201342281879,0.9985989203445008,0.999926335950161,0.04081632653061224,0.27788649706457924,0.9973659299501996,0.9980253552784984,0.0588235294117647,0.4303030303030303,16
2.439476251602173,0.13165020942687988,0.9975567749429246,0.9976569426267573,0.0,0.9121621621621622,0.9984365604329525,0.9998624906123399,0.0,0.37815126050420167,0.9979964737938771,0.9987584989988748,0.0,0.5346534653465346,16
2.57610821723938,0.13863086700439453,0.9981341664497093,0.9979517735778791,0.0,0.7947019867549668,0.9984374321802162,0.9996787631344428,0.0,0.37735849056603776,0.9982857762829555,0.9988145218485176,0.0,0.511727078891258,16
1.3324356079101562,0.0767977237701416,0.9965881530809388,0.9968968843041054,0.0,0.9395973154362416,0.9984350547730829,0.9999053637711486,0.0,0.3211009174311927,0.9975107490382439,0.9983988576768213,0.0,0.4786324786324786,16
