fit_time,score_time,test_recall-0,train_recall-0,test_recall-1,train_recall-1,test_precision-0,train_precision-0,test_precision-1,train_precision-1,test_f1-0,train_f1-0,test_f1-1,train_f1-1,target_id
2.3227832317352295,0.20348310470581055,0.9968355279036714,0.9972582797525172,0.0,0.8888888888888888,0.9984688943805737,0.9998297209856722,0.0,0.33136094674556216,0.9976515426010172,0.9985423448812011,0.0,0.4827586206896552,68
2.4095520973205566,0.15957355499267578,0.9960107374543286,0.9966629708171416,0.07317073170731707,0.9225352112676056,0.9985795985496954,0.9998812069375148,0.02727272727272727,0.29705215419501135,0.997293513765749,0.9982694951346397,0.039735099337748346,0.4493996569468267,68
2.368664264678955,0.12267088890075684,0.9972995006623866,0.9978719790594747,0.0,0.9019607843137255,0.9984696219966331,0.9998498423344512,0.0,0.39316239316239315,0.9978842183078844,0.9988599315958957,0.0,0.5476190476190476,68
2.24200177192688,0.11768770217895508,0.9950319375443577,0.9959271020295458,0.0,0.9935483870967742,0.9984660896241919,0.9999900980295079,0.0,0.2716049382716049,0.9967460556178392,0.9979544646033441,0.0,0.42659279778393344,68
1.0531797409057617,0.05984354019165039,0.9977919945649097,0.9975895586736694,0.0,0.8974358974358975,0.9984703416237041,0.9998428692082573,0.0,0.3626943005181347,0.9981310528402334,0.9987149429572008,0.0,0.5166051660516605,68
