fit_time,score_time,test_recall-0,train_recall-0,test_recall-1,train_recall-1,test_precision-0,train_precision-0,test_precision-1,train_precision-1,test_f1-0,train_f1-0,test_f1-1,train_f1-1,target_id
2.0824217796325684,0.15857577323913574,0.9968476633304437,0.9964409041798191,0.0,0.946236559139785,0.9990127552027801,0.9999468509168217,0.0,0.20754716981132076,0.9979290349302775,0.9981907990725856,0.0,0.34042553191489366,21
2.234022617340088,0.12267208099365234,0.996283360200609,0.9968394696876411,0.0,0.9270833333333334,0.9990121682906021,0.9999279472161893,0.0,0.22418136020151133,0.9976458982579647,0.998381319917987,0.0,0.36105476673427994,21
2.0694644451141357,0.16156649589538574,0.9956427840715342,0.9961024081549614,0.07692307692307693,0.9456521739130435,0.9990875218614554,0.9999462550520251,0.017094017094017096,0.19290465631929046,0.9973621785748173,0.9980206305016013,0.02797202797202798,0.32044198895027626,21
2.134289026260376,0.12766122817993164,0.9971384341136182,0.9968618928168829,0.5714285714285714,0.9175257731958762,0.99957676933929,0.9999185053888312,0.1643835616438356,0.2236180904522613,0.9983561129115589,0.9983878596166463,0.2553191489361702,0.35959595959595964,21
0.8577101230621338,0.07280278205871582,0.9979066617411649,0.9975791492438771,0.041666666666666664,0.925531914893617,0.9990548592562153,0.9999264682710589,0.019230769230769232,0.27358490566037735,0.9984804304078198,0.9987514295606921,0.02631578947368421,0.4223300970873786,21
