fit_time,score_time,test_recall-0,train_recall-0,test_recall-1,train_recall-1,test_precision-0,train_precision-0,test_precision-1,train_precision-1,test_f1-0,train_f1-0,test_f1-1,train_f1-1,target_id
2.1671979427337646,0.2174208164215088,0.9972171708822395,0.9976160812688677,0.0,0.8913043478260869,0.9988960340021528,0.999879933242883,0.0,0.2918149466192171,0.9980558964247798,0.9987467243933006,0.0,0.43967828418230565,23
2.069464921951294,0.1246652603149414,0.9977957060353568,0.998290193331754,0.0,0.9158878504672897,0.9988966369494219,0.9999071494893222,0.0,0.3712121212121212,0.9983458679782096,0.9990980171840612,0.0,0.5283018867924528,23
2.125314950942993,0.11967945098876953,0.9976120499632624,0.9978876257730065,0.0,0.8981481481481481,0.9988964502482987,0.9998875232622344,0.0,0.3190789473684211,0.9982538369635143,0.9988865735065784,0.0,0.47087378640776706,23
1.984689712524414,0.12666034698486328,0.9968313739897134,0.9978978304794172,0.125,0.9722222222222222,0.9990335051546392,0.9999693223302758,0.041666666666666664,0.33762057877813506,0.9979312247149688,0.9989325024899763,0.0625,0.5011933174224343,23
1.045236349105835,0.05482029914855957,0.9977956958060212,0.9980883830256215,0.0,0.9292035398230089,0.9988966318234611,0.9999218314882308,0.0,0.3488372093023256,0.9983458602977451,0.999004266036686,0.0,0.5072463768115942,23
