fit_time,score_time,test_recall-0,train_recall-0,test_recall-1,train_recall-1,test_precision-0,train_precision-0,test_precision-1,train_precision-1,test_f1-0,train_f1-0,test_f1-1,train_f1-1,target_id
1.6436033248901367,0.2523231506347656,0.9983509234828496,0.998320543627109,0.0,0.9354838709677419,0.9995990093171364,0.9999741194130283,0.0,0.18238993710691823,0.9989745765708427,0.9991466473584856,0.0,0.3052631578947368,73
1.8151443004608154,0.13962793350219727,0.9982778645520445,0.9981556621172999,0.3,0.7631578947368421,0.9997192475835238,0.9999049821049631,0.06521739130434782,0.14215686274509803,0.9989980361508557,0.9990295563384739,0.10714285714285714,0.2396694214876033,73
1.8001859188079834,0.08976006507873535,0.9987984895296945,0.9979487379854654,0.0,0.926829268292683,0.9995991754466331,0.9999706368859439,0.0,0.1532258064516129,0.9991986720851698,0.9989586643525875,0.0,0.26297577854671284,73
1.8301060199737549,0.10172700881958008,0.9985124156081931,0.9977924513557865,0.5714285714285714,0.8048780487804879,0.9998281294757949,0.9999216899312829,0.13333333333333333,0.1274131274131274,0.9991698394068647,0.9988559359324123,0.21621621621621623,0.22,73
0.7998583316802979,0.048886775970458984,0.9984552008238929,0.9977826834414316,0.0,0.8292682926829268,0.9995990376904571,0.9999314773483692,0.0,0.13026819923371646,0.9990267918479505,0.9988559247452722,0.0,0.22516556291390727,73
