fit_time,score_time,test_recall-0,train_recall-0,test_recall-1,train_recall-1,test_precision-0,train_precision-0,test_precision-1,train_precision-1,test_f1-0,train_f1-0,test_f1-1,train_f1-1,target_id
1.8171358108520508,0.1575789451599121,0.9984316185696361,0.9982115230581858,0.0,1.0,0.9994069215740999,1.0,0.0,0.2488479262672811,0.9989190320106004,0.9991049611509211,0.0,0.3985239852398524,32
1.8959283828735352,0.15558433532714844,0.9980373278032884,0.9979531817251446,0.0,1.0,0.9994066822412578,1.0,0.0,0.22448979591836735,0.99872153563951,0.9989755424233274,0.0,0.36666666666666664,32
1.8779759407043457,0.1515963077545166,0.9984693625635709,0.9984936431741951,0.25,1.0,0.9995551381543176,1.0,0.08823529411764706,0.2822966507177033,0.9990119553403815,0.9992462538817926,0.13043478260869565,0.4402985074626865,32
1.8251256942749023,0.09473824501037598,0.9985779463174734,0.9985333255628728,0.0,1.0,0.9994069857083556,1.0,0.0,0.28773584905660377,0.9989922940130408,0.9992661246032942,0.0,0.44688644688644685,32
0.9275515079498291,0.07579207420349121,0.9980373278032884,0.9982871362857789,0.25,1.0,0.9995549456662834,1.0,0.07017543859649122,0.2570093457943925,0.9987955602497822,0.9991428340386532,0.1095890410958904,0.40892193308550184,32
