fit_time,score_time,test_recall-0,train_recall-0,test_recall-1,train_recall-1,test_precision-0,train_precision-0,test_precision-1,train_precision-1,test_f1-0,train_f1-0,test_f1-1,train_f1-1,target_id
1.6426069736480713,0.2712724208831787,0.9993895354561746,0.9993918508007298,0.0,1.0,0.999507631708518,1.0,0.0,0.4473684210526316,0.9994485800937413,0.999695832910879,0.0,0.6181818181818182,44
1.7892138957977295,0.12366914749145508,0.9991384615384615,0.9990677504504127,0.0,1.0,0.9995075104654026,1.0,0.0,0.34558823529411764,0.999322951929587,0.9995336578515776,0.0,0.5136612021857923,44
1.7912087440490723,0.08676719665527344,0.9986461538461539,0.99875474211578,1.0,1.0,1.0,1.0,0.26666666666666666,0.2833333333333333,0.9993226183878318,0.9993769831495676,0.4210526315789474,0.4415584415584416,44
1.785224199295044,0.09374547004699707,0.9988307692307692,0.9990539901344685,0.0,1.0,0.999507358827514,1.0,0.0,0.3422818791946309,0.9991689494905969,0.9995267712276905,0.0,0.51,44
0.9424817562103271,0.046903371810913086,0.9987691802740625,0.998866760793639,0.6666666666666666,1.0,0.9998357154591753,1.0,0.21052631578947367,0.3028571428571429,0.9993021632937892,0.9994330591570241,0.32,0.4649122807017544,44
