fit_time,score_time,test_recall-0,train_recall-0,test_recall-1,train_recall-1,test_precision-0,train_precision-0,test_precision-1,train_precision-1,test_f1-0,train_f1-0,test_f1-1,train_f1-1,target_id
1.887948989868164,0.14560961723327637,0.9983078860380923,0.9984850250553549,0.6190476190476191,0.9615384615384616,0.9996847539110217,0.999968170098991,0.23214285714285715,0.3440366972477064,0.9989958455571087,0.9992260472217216,0.33766233766233766,0.5067567567567567,33
1.7562975883483887,0.11070513725280762,0.9985903169356407,0.9983069806814403,0.35294117647058826,1.0,0.9994648243650871,1.0,0.17142857142857143,0.328,0.9990273792734523,0.9991527731550122,0.23076923076923078,0.4939759036144578,33
1.852046251296997,0.17852115631103516,0.9985046434755234,0.9987816635060546,0.0,0.9743589743589743,0.9991730655640875,0.9999787861431086,0.0,0.39790575916230364,0.9988387426929359,0.9993798663267415,0.0,0.5650557620817843,33
1.8251166343688965,0.15259122848510742,0.9977176137257988,0.997944719305866,0.09523809523809523,0.9743589743589743,0.9992511725062074,0.9999787683521056,0.03333333333333333,0.2814814814814815,0.9984838042729152,0.9989607084150803,0.04938271604938271,0.43678160919540227,33
0.9724292755126953,0.0667884349822998,0.9981732776617954,0.9982646600076438,0.47368421052631576,0.975,0.9995644599303136,0.9999793057064514,0.17647058823529413,0.3170731707317073,0.9988683844011143,0.9991212472086676,0.2571428571428572,0.4785276073619632,33
