fit_time,score_time,test_recall-0,train_recall-0,test_recall-1,train_recall-1,test_precision-0,train_precision-0,test_precision-1,train_precision-1,test_f1-0,train_f1-0,test_f1-1,train_f1-1,target_id
2.3217873573303223,0.18650007247924805,0.9973015516078255,0.9980117147616745,0.0,0.9558823529411765,0.9985365304514241,0.9999353907781104,0.0,0.4126984126984127,0.9979186589413287,0.9989726266869632,0.0,0.5764966740576496,22
2.349712610244751,0.1515944004058838,0.9979457195907241,0.998220602876692,0.5945945945945946,0.9637681159420289,0.9994065516695679,0.999946950164985,0.2972972972972973,0.4418604651162791,0.9986756014153274,0.9990830307688231,0.39639639639639646,0.6059225512528474,22
2.1991167068481445,0.13663506507873535,0.9983712674879933,0.9982877784970036,0.0,1.0,0.9985380727622071,1.0,0.0,0.4605263157894737,0.9984546631583343,0.9991431556948798,0.0,0.6306306306306306,22
2.3566970825195312,0.1545848846435547,0.9973050746814051,0.9974753153300489,0.21875,0.993006993006993,0.9988563063269134,0.9999897528384637,0.10606060606060606,0.36503856041131105,0.9980800877674163,0.9987309514793625,0.14285714285714285,0.5338345864661654,22
1.3015129566192627,0.08577084541320801,0.9972137212807747,0.9973424371895251,0.46875,0.9790209790209791,0.9992219323538835,0.999969255049858,0.19736842105263158,0.35,0.9982168167893558,0.9986541187548296,0.2777777777777778,0.5156537753222836,22
