fit_time,score_time,test_recall-0,train_recall-0,test_recall-1,train_recall-1,test_precision-0,train_precision-0,test_precision-1,train_precision-1,test_f1-0,train_f1-0,test_f1-1,train_f1-1,target_id
3.6392629146575928,0.14760708808898926,0.9967972406996797,0.9971631205673759,0.2894736842105263,0.7744107744107744,0.9977805178791616,0.9992945289137851,0.22,0.46,0.9972886369238353,0.9982276870000578,0.25,0.5771643663739022,5
3.569453477859497,0.14860153198242188,0.9969649040311204,0.9972122825996504,0.3150684931506849,0.8033333333333333,0.9978606880027383,0.9993849489716138,0.24468085106382978,0.47347740667976423,0.9974125948893403,0.9982974336545819,0.2754491017964072,0.595797280593325,5
3.097683906555176,0.15358924865722656,0.996879348880361,0.9975578191533773,0.05405405405405406,0.8662207357859532,0.9970475346914673,0.9995816862228357,0.05128205128205128,0.5253549695740365,0.9969634346927586,0.9985687272119432,0.05263157894736842,0.6540404040404041,5
3.4836807250976562,0.14162039756774902,0.9975451443787967,0.9979056495104456,0.38666666666666666,0.7516778523489933,0.9980850089505017,0.9992240665205675,0.32954545454545453,0.5283018867924528,0.9978150036416605,0.9985644228351077,0.3558282208588957,0.6204986149584487,5
1.7882165908813477,0.07579636573791504,0.9967962053757178,0.9976962144614901,0.09333333333333334,0.8288590604026845,0.9971696149843913,0.9994649938107127,0.08333333333333333,0.5289079229122056,0.9969828752158805,0.9985798208792535,0.0880503144654088,0.645751633986928,5
