fit_time,score_time,test_recall-0,train_recall-0,test_recall-1,train_recall-1,test_precision-0,train_precision-0,test_precision-1,train_precision-1,test_f1-0,train_f1-0,test_f1-1,train_f1-1,target_id
1.8909416198730469,0.22041082382202148,0.997758221840643,0.9978939528194064,0.4857142857142857,0.9384615384615385,0.999569943853781,0.9999485272355265,0.15315315315315314,0.27111111111111114,0.9986632611653499,0.9989201835687932,0.2328767123287671,0.4206896551724138,19
1.9637494087219238,0.08876323699951172,0.9985094204626759,0.9983888187906435,0.0,0.9418604651162791,0.9991647276415488,0.9999513944920239,0.0,0.32793522267206476,0.9988369665702442,0.9991694957236315,0.0,0.4864864864864865,19
1.9228568077087402,0.09375190734863281,0.9985690436441689,0.9985732310977385,0.0,0.9418604651162791,0.9991647774728553,0.9999514034678485,0.0,0.35526315789473684,0.9988668217331663,0.9992618420924835,0.0,0.5159235668789809,19
1.9108893871307373,0.13065075874328613,0.9978472893418856,0.9979286892003297,0.15789473684210525,0.9506172839506173,0.999296053499934,0.9999586960337866,0.057692307692307696,0.27697841726618705,0.9985711459409553,0.9989426612957298,0.08450704225352111,0.42896935933147634,19
0.9225664138793945,0.06282925605773926,0.9980059358189575,0.9981880738614386,0.2222222222222222,0.9878048780487805,0.9993498955189227,0.9999898022659365,0.0851063829787234,0.3127413127413127,0.9986774635142347,0.9990881257673243,0.12307692307692307,0.47507331378299117,19
