fit_time,score_time,test_recall-0,train_recall-0,test_recall-1,train_recall-1,test_precision-0,train_precision-0,test_precision-1,train_precision-1,test_f1-0,train_f1-0,test_f1-1,train_f1-1,target_id
2.7646028995513916,0.13464117050170898,0.9982999392835459,0.9981259015150717,0.0,0.9364161849710982,0.9981787275376396,0.9998839809306839,0.0,0.4764705882352941,0.9982393297310425,0.9990041677424114,0.0,0.631578947368421,77
2.6479172706604004,0.1546006202697754,0.9971122662046292,0.9969127862104451,0.0,0.9491525423728814,0.9981765621525461,0.9999071054044011,0.0,0.358974358974359,0.9976441303284883,0.9984077007508025,0.0,0.5209302325581395,77
2.6209890842437744,0.15159392356872559,0.9971665654725764,0.9970730371976964,0.044444444444444446,0.953757225433526,0.9982575573385202,0.9999155307309759,0.027777777777777776,0.3724604966139955,0.9977117631573618,0.9984922609759184,0.03418803418803419,0.5357142857142857,77
2.704763889312744,0.13465142250061035,0.9978546852863793,0.9977468703608166,0.0,0.9884393063583815,0.9981779163461149,0.9999788956071206,0.0,0.44415584415584414,0.9980162746447513,0.99886163608192,0.0,0.6129032258064516,77
1.2017877101898193,0.07376718521118164,0.9961835371671437,0.995601597913605,0.0,0.9886363636363636,0.998174865287676,0.9999792106275273,0.0,0.2904841402337229,0.9971782070761883,0.9977856027879625,0.0,0.4490322580645161,77
