fit_time,score_time,test_recall-0,train_recall-0,test_recall-1,train_recall-1,test_precision-0,train_precision-0,test_precision-1,train_precision-1,test_f1-0,train_f1-0,test_f1-1,train_f1-1,target_id
1.8879680633544922,0.23235821723937988,0.9982059748836484,0.9983652900688299,0.038461538461538464,1.0,0.9993492464273629,1.0,0.014285714285714285,0.2925531914893617,0.998777283488124,0.9991819764187788,0.020833333333333332,0.45267489711934156,54
1.858029842376709,0.16855168342590332,0.9974837570886694,0.9973388844775415,0.6111111111111112,1.0,0.9997365152256559,1.0,0.14102564102564102,0.20257234726688103,0.9986088656615407,0.9986676694960782,0.22916666666666669,0.33689839572192515,54
1.8330979347229004,0.14461159706115723,0.9971833101738836,0.9972745026503852,0.16666666666666666,1.0,0.9994353897692626,1.0,0.038461538461538464,0.19873817034700317,0.9983080798586306,0.9986353917070497,0.0625,0.33157894736842103,54
1.8021793365478516,0.09873533248901367,0.99859162864064,0.9981287351817381,0.0,1.0,0.9993234863005976,1.0,0.0,0.2653846153846154,0.9989574234269774,0.9990634913630368,0.0,0.4194528875379939,54
0.8936114311218262,0.03490567207336426,0.9979717983388062,0.9985657778143184,0.0,1.0,0.9993230174081238,1.0,0.0,0.3203463203463203,0.9986469508069972,0.9992823742898019,0.0,0.4852459016393442,54
