fit_time,score_time,test_recall-0,train_recall-0,test_recall-1,train_recall-1,test_precision-0,train_precision-0,test_precision-1,train_precision-1,test_f1-0,train_f1-0,test_f1-1,train_f1-1,target_id
4.2017436027526855,0.1246647834777832,0.9960581001756716,0.996581107762652,0.15384615384615385,0.6305970149253731,0.9976396875804652,0.99896875,0.09803921568627451,0.3393574297188755,0.9968482665466006,0.9977735004941996,0.11976047904191617,0.4412532637075718,27
3.511606216430664,0.13164806365966797,0.9973837454637522,0.9977156804455988,0.0,0.6591760299625468,0.9972154248586618,0.9990495388696824,0.0,0.44556962025316454,0.9972995780590718,0.9983821641424948,0.0,0.5317220543806646,27
3.4457828998565674,0.160569429397583,0.9968618836543365,0.9971512394234449,0.04225352112676056,0.7633587786259542,0.9973313449236686,0.99933951209119,0.03614457831325301,0.42735042735042733,0.9970965590300938,0.9982441765187874,0.03896103896103896,0.547945205479452,27
3.5275630950927734,0.12765908241271973,0.9966579544967651,0.9970799127091343,0.046153846153846156,0.6305970149253731,0.997341679886807,0.9989692653673163,0.037037037037037035,0.37555555555555553,0.996999699969997,0.9980236948584861,0.0410958904109589,0.47075208913649025,27
1.662550449371338,0.09774279594421387,0.9964975947337328,0.9972880224468296,0.0,0.7415730337078652,0.9972129555339724,0.9992788461538461,0.0,0.43231441048034935,0.9968551467949935,0.998282441751805,0.0,0.5462068965517242,27
