fit_time,score_time,test_recall-0,train_recall-0,test_recall-1,train_recall-1,test_precision-0,train_precision-0,test_precision-1,train_precision-1,test_f1-0,train_f1-0,test_f1-1,train_f1-1,target_id
1.8799691200256348,0.31615495681762695,0.9986418076305716,0.9986530285810498,0.0,1.0,0.9996909956121377,1.0,0.0,0.1864406779661017,0.9991661261929029,0.9993260604018365,0.0,0.3142857142857143,75
1.9108822345733643,0.14860272407531738,0.995766635798386,0.9965119150512409,0.14285714285714285,1.0,0.9997343604728384,1.0,0.010309278350515464,0.08130081300813008,0.997746553552492,0.9982529105273736,0.019230769230769232,0.15037593984962405,75
1.9188666343688965,0.1466078758239746,0.9965603915861887,0.997170432563691,0.42857142857142855,0.9666666666666667,0.9998230323408397,0.9999896815733537,0.037037037037037035,0.09539473684210527,0.9981890459363958,0.9985780672017804,0.06818181818181818,0.17365269461077848,75
1.8889474868774414,0.10771369934082031,0.9972989658897978,0.9977457042102014,0.0,0.9696969696969697,0.9996905701245455,0.9999906250292968,0.0,0.11721611721611722,0.9984933359088276,0.9988669032747433,0.0,0.2091503267973856,75
1.019305944442749,0.05382394790649414,0.997684827905541,0.9980637376411273,0.0,0.9696969696969697,0.9996906897618311,0.9999906280166072,0.0,0.13389121338912133,0.9986867516415605,0.9990262536983634,0.0,0.23529411764705882,75
