fit_time,score_time,test_recall-0,train_recall-0,test_recall-1,train_recall-1,test_precision-0,train_precision-0,test_precision-1,train_precision-1,test_f1-0,train_f1-0,test_f1-1,train_f1-1,target_id
4.36630916595459,0.223405122756958,0.9969404851516402,0.9969646127639954,0.0,0.8782816229116945,0.9946460584330636,0.9993452556712413,0.0,0.6082644628099173,0.9957919501340028,0.9981535147334137,0.0,0.71875,28
4.45408034324646,0.12566447257995605,0.9973673552045362,0.9972465078886544,0.02830188679245283,0.8857677902621723,0.994798767863455,0.999385681339819,0.05454545454545454,0.6331994645247657,0.9960814056377196,0.9983149486688095,0.037267080745341616,0.7384855581576893,28
3.9843411445617676,0.12067794799804688,0.9976324512021887,0.9976260535634133,0.00980392156862745,0.8977695167286245,0.9947017783140114,0.9994503957150851,0.021739130434782608,0.6699029126213593,0.9961649592855267,0.998537391365118,0.013513513513513514,0.767275615567911,28
4.0322136878967285,0.11269807815551758,0.9980485901063518,0.9981369729861083,0.0,0.9207547169811321,0.9946518864255154,0.9995741315325181,0.0,0.7261904761904762,0.9963473433010276,0.9988550353115214,0.0,0.8119800332778703,28
2.0415358543395996,0.05684804916381836,0.9970246001806493,0.9972222498780379,0.2376237623762376,0.8794063079777366,0.9959133849909776,0.9993514721582009,0.3,0.6294820717131474,0.9964686827921302,0.9982857256762413,0.2651933701657458,0.7337461300309598,28
