fit_time,score_time,test_recall-0,train_recall-0,test_recall-1,train_recall-1,test_precision-0,train_precision-0,test_precision-1,train_precision-1,test_f1-0,train_f1-0,test_f1-1,train_f1-1,target_id
2.914202928543091,0.20147037506103516,0.9989174560216508,0.9989343634486663,0.0,0.9427083333333334,0.9978709742827211,0.9998777804937669,0.0,0.6534296028880866,0.998393940930838,0.9994058493300534,0.0,0.7718550106609807,52
2.660879611968994,0.20046424865722656,0.9974779766979256,0.9976173561396797,0.0,0.9846153846153847,0.9978678796062684,0.9999671340929009,0.0,0.4682926829268293,0.9976728900573784,0.9987908630830256,0.0,0.6347107438016529,52
2.910215139389038,0.17653107643127441,0.9987286868082561,0.9988267332594211,0.0,0.9292929292929293,0.9978705121978556,0.9998491509352642,0.0,0.6279863481228669,0.9982994150735363,0.9993376805897335,0.0,0.7494908350305499,52
2.5431969165802,0.08377575874328613,0.9982949701619779,0.9987686012257154,0.0,0.9955555555555555,0.9978696207925011,0.9999905161131238,0.0,0.632768361581921,0.9980822501598126,0.9993791851686863,0.0,0.773747841105354,52
1.1399831771850586,0.06682181358337402,0.9982476082220327,0.9984878162646017,0.0,0.9666666666666667,0.9978695199318246,0.999928855281479,0.0,0.5767045454545454,0.9980585282697225,0.9992078162133615,0.0,0.7224199288256228,52
