fit_time,score_time,test_recall-0,train_recall-0,test_recall-1,train_recall-1,test_precision-0,train_precision-0,test_precision-1,train_precision-1,test_f1-0,train_f1-0,test_f1-1,train_f1-1,target_id
1.9348235130310059,0.1575908660888672,0.9967437211851565,0.9966769175312313,0.0,0.891566265060241,0.9990628534496687,0.999898290144315,0.0,0.2005420054200542,0.9979019398986475,0.9982850050772876,0.0,0.3274336283185841,64
1.8580286502838135,0.13463950157165527,0.9971059661620659,0.9968766053631973,0.0,0.9010989010989011,0.9990631691648822,0.9999072499613542,0.0,0.21243523316062177,0.9980836081647206,0.9983896277622,0.0,0.3438155136268344,64
1.121999979019165,0.1296522617340088,0.9978325541861454,0.9979222937876584,0.0,0.8333333333333334,0.9990638696225692,0.9998438719750196,0.0,0.2727272727272727,0.998447832280836,0.9988821587334599,0.0,0.4109589041095891,64
1.8360888957977295,0.1316521167755127,0.9969353833367962,0.9970458930951481,0.0,0.9680851063829787,0.9990630368018323,0.9999700730218267,0.0,0.2345360824742268,0.9979980760731092,0.9985058421571655,0.0,0.3775933609958506,64
1.5588312149047852,0.07379961013793945,0.9975350616234594,0.9975690837315604,0.18181818181818182,0.8888888888888888,0.9992337164750957,0.9998958723811904,0.06451612903225806,0.25477707006369427,0.998383666524883,0.9987311228522695,0.09523809523809523,0.39603960396039606,64
