fit_time,score_time,test_recall-0,train_recall-0,test_recall-1,train_recall-1,test_precision-0,train_precision-0,test_precision-1,train_precision-1,test_f1-0,train_f1-0,test_f1-1,train_f1-1,target_id
2.390601873397827,0.1795196533203125,0.9951028705186645,0.995679429730566,0.8125,0.8604651162790697,0.9997215174206324,0.9997928605951806,0.19696969696969696,0.22745901639344263,0.9974068471583366,0.9977319054864919,0.3170731707317073,0.35980551053484605,31
2.4634101390838623,0.11568999290466309,0.9975215236107488,0.9977152191218585,0.0,0.8531468531468531,0.9985201305767138,0.9997824442901986,0.0,0.3556851311953353,0.9980205772953691,0.998747762012688,0.0,0.5020576131687243,31
2.6219844818115234,0.17752814292907715,0.9966953648143316,0.9970949166210055,0.2647058823529412,0.8251748251748252,0.9989105329672724,0.9997408547646442,0.10588235294117647,0.2957393483709273,0.997801719447165,0.9984161326721808,0.15126050420168066,0.4354243542435425,31
2.4015746116638184,0.12865567207336426,0.9981836614006927,0.9981780512436101,0.08571428571428572,0.9014084507042254,0.998647677809238,0.999853999374283,0.06521739130434782,0.42244224422442245,0.9984156156917422,0.9990153224167843,0.07407407407407408,0.5752808988764045,31
1.5079662799835205,0.05089712142944336,0.9970999658819516,0.9973957058518294,0.0,0.9139072847682119,0.9985194465007687,0.9998724064150128,0.0,0.3415841584158416,0.9978092013543118,0.9986325205244456,0.0,0.4972972972972973,31
