fit_time,score_time,test_recall-0,train_recall-0,test_recall-1,train_recall-1,test_precision-0,train_precision-0,test_precision-1,train_precision-1,test_f1-0,train_f1-0,test_f1-1,train_f1-1,target_id
3.4926538467407227,0.17453551292419434,0.9984438984438985,0.9982674982674983,0.16,0.6871794871794872,0.9982803799541434,0.99935879916749,0.17391304347826086,0.44816053511705684,0.9983621325034805,0.9988128506292941,0.16666666666666666,0.5425101214574899,17
3.489661931991577,0.1685502529144287,0.997298945717522,0.9975802198484018,0.23404255319148937,0.702020202020202,0.9984298674110258,0.9993887783855462,0.1506849315068493,0.3726541554959786,0.9978640861339959,0.9984836801548407,0.18333333333333332,0.4868651488616463,17
3.476698875427246,0.20744585990905762,0.9972699739794395,0.9972041490843329,0.3125,0.7461928934010152,0.9985904664274731,0.9994791395385176,0.189873417721519,0.35336538461538464,0.9979297833742397,0.9983403482667305,0.23622047244094488,0.4796084828711256,17
3.5295586585998535,0.15558528900146484,0.9966727807874419,0.9968715571538446,0.3333333333333333,0.7868020304568528,0.9986323032867461,0.9995622948256996,0.1702127659574468,0.3399122807017544,0.9976515798462852,0.9982151127393075,0.22535211267605634,0.4747320061255743,17
1.4730579853057861,0.10372304916381836,0.9981886911324618,0.9980797997050742,0.0,0.8082901554404145,0.9979529170931423,0.9996068722972471,0.0,0.4629080118694362,0.99807079018859,0.9988427523383836,0.0,0.5886792452830188,17
