fit_time,score_time,test_recall-0,train_recall-0,test_recall-1,train_recall-1,test_precision-0,train_precision-0,test_precision-1,train_precision-1,test_f1-0,train_f1-0,test_f1-1,train_f1-1,target_id
2.288872003555298,0.1495983600616455,0.9978752405388069,0.9978689735204136,0.0,0.8796992481203008,0.9985958436973441,0.9998308739588178,0.0,0.3667711598746082,0.9982354120713857,0.9988489603683327,0.0,0.5176991150442478,60
2.287879228591919,0.13663411140441895,0.9977368397229892,0.9975727409592282,0.0,0.8686131386861314,0.9985956328712512,0.9998152368048285,0.0,0.3342696629213483,0.9981660515769691,0.9986927300410637,0.0,0.4827586206896552,60
2.2669358253479004,0.15358901023864746,0.9975764275691994,0.9973912591591748,0.5151515151515151,0.8888888888888888,0.9993185109464179,0.999843715812834,0.22972972972972974,0.32345013477088946,0.9984467093644275,0.9986159817684215,0.31775700934579443,0.4743083003952569,60
2.0894110202789307,0.15259289741516113,0.9972327240129399,0.9974701574242376,0.05555555555555555,0.9924242424242424,0.9986729117876659,0.9999893435635123,0.0273972602739726,0.35501355013550134,0.9979522983013827,0.9987281619012649,0.03669724770642202,0.5229540918163672,60
1.0272486209869385,0.06885385513305664,0.997448871125473,0.9972145715325054,0.45454545454545453,0.8962962962962963,0.9992332921582826,0.999854107397797,0.2,0.3110539845758355,0.998340284279513,0.998532595121139,0.2777777777777778,0.46183206106870234,60
