fit_time,score_time,test_recall-0,train_recall-0,test_recall-1,train_recall-1,test_precision-0,train_precision-0,test_precision-1,train_precision-1,test_f1-0,train_f1-0,test_f1-1,train_f1-1,target_id
2.8932535648345947,0.21741819381713867,0.9981085007812714,0.9981337892506261,0.0,0.9215686274509803,0.9969333552379388,0.9997588065749328,0.0,0.6025641025641025,0.997520581909837,0.9989456370460967,0.0,0.7286821705426356,51
3.346045970916748,0.1406245231628418,0.9975357517976893,0.9978687711672171,0.0,0.9106529209621993,0.9969316484315072,0.9997251730881032,0.0,0.5674518201284796,0.9972336086262948,0.9987961095329115,0.0,0.6992084432717678,51
3.363006353378296,0.10671114921569824,0.9968785180636578,0.9975998319882392,0.5166666666666667,0.9153094462540716,0.9985135827780626,0.9997394241273214,0.33695652173913043,0.5393474088291746,0.9976953805182833,0.9986684820695594,0.40789473684210525,0.6787439613526569,51
3.050837278366089,0.10870981216430664,0.998374571067365,0.998688352570829,0.0,0.9525316455696202,0.9969341749323715,0.999854091280495,0.0,0.6903669724770642,0.9976538530951092,0.999270881941204,0.0,0.8005319148936171,51
1.4481570720672607,0.08475637435913086,0.9981939678526278,0.9985829730867569,0.0,1.0,0.9969336219336219,1.0,0.0,0.6842105263157895,0.9975633968053426,0.9992909841961405,0.0,0.8125000000000001,51
