fit_time,score_time,test_recall-0,train_recall-0,test_recall-1,train_recall-1,test_precision-0,train_precision-0,test_precision-1,train_precision-1,test_f1-0,train_f1-0,test_f1-1,train_f1-1,target_id
1.9577608108520508,0.15658020973205566,0.9974633690464271,0.997986315848028,0.0,0.9523809523809523,0.999531756914947,0.9999777049472722,0.0,0.18099547511312217,0.9984964918142332,0.9989810179797428,0.0,0.3041825095057034,46
1.9787023067474365,0.19547700881958008,0.9979306431694536,0.9983089503254158,0.8571428571428571,0.8571428571428571,0.9999331126049296,0.9999331394377027,0.16216216216216217,0.19148936170212766,0.9989308743443253,0.9991203848038123,0.27272727272727276,0.31304347826086953,46
1.8500516414642334,0.18550324440002441,0.9975917472412925,0.9980114099429502,0.23076923076923078,0.9767441860465116,0.9996398213513903,0.9999891118539246,0.04285714285714286,0.18666666666666668,0.9986147341908788,0.9989992820936758,0.07228915662650602,0.31343283582089554,46
1.899916410446167,0.11968064308166504,0.998422989311372,0.998724762961665,0.625,0.9375,0.9998245306194069,0.9999707596639311,0.15625,0.2556818181818182,0.9991232684551989,0.999347372932536,0.25,0.4017857142857143,46
1.177849292755127,0.04388117790222168,0.996995994659546,0.9981500200255564,0.0,0.9387755102040817,0.9995315218846206,0.999971339861476,0.0,0.19166666666666668,0.9982621482521222,0.9990598498623181,0.0,0.31833910034602075,46
