fit_time,score_time,test_recall-0,train_recall-0,test_recall-1,train_recall-1,test_precision-0,train_precision-0,test_precision-1,train_precision-1,test_f1-0,train_f1-0,test_f1-1,train_f1-1,target_id
1.5149486064910889,0.1575779914855957,0.996197100695573,0.9959915564438256,0.0,0.9090909090909091,0.9993804617190557,0.9999436365685943,0.0,0.12285012285012285,0.997786242146043,0.9979636838197241,0.0,0.21645021645021648,55
1.277573585510254,0.10073089599609375,0.9987174005985464,0.9985725421909959,0.0,0.8524590163934426,0.9993820411655654,0.9999087637487962,0.0,0.2694300518134715,0.9990496103402395,0.9992402062586744,0.0,0.4094488188976378,55
1.6944725513458252,0.1336374282836914,0.9968681076312307,0.9967475658206221,0.0,0.9833333333333333,0.9993808871003406,0.9999896740084466,0.0,0.15733333333333333,0.9981229158845482,0.9983659878041866,0.0,0.2712643678160919,55
1.6226592063903809,0.14760446548461914,0.9971327745919718,0.9970769262438502,0.0,0.9,0.9993810513285291,0.9999380677126342,0.0,0.15976331360946747,0.9982556470666166,0.9985054473865944,0.0,0.271356783919598,55
1.3264532089233398,0.06881523132324219,0.9969122187913542,0.9966652257148151,0.0,0.9333333333333333,0.9993809144777571,0.9999586939011545,0.0,0.14736842105263157,0.9981450401907958,0.9983092434895566,0.0,0.2545454545454545,55
