fit_time,score_time,test_recall-0,train_recall-0,test_recall-1,train_recall-1,test_precision-0,train_precision-0,test_precision-1,train_precision-1,test_f1-0,train_f1-0,test_f1-1,train_f1-1,target_id
2.8005075454711914,0.14361953735351562,0.9978951139773389,0.9975354282193469,0.4722222222222222,0.8662420382165605,0.9991480202681494,0.9997838638960077,0.265625,0.3617021276595745,0.9985211740981403,0.9986583804956282,0.33999999999999997,0.5103189493433397,29
2.416533946990967,0.14960050582885742,0.9972715998346424,0.997361781425685,0.5384615384615384,0.9025974025974026,0.9992544113992212,0.9998425725740434,0.2413793103448276,0.3554987212276215,0.9982620210212695,0.9986006362650092,0.3333333333333333,0.5100917431192661,29
2.3467226028442383,0.15658140182495117,0.9979040709391375,0.9976817458561207,0.225,0.954248366013072,0.9987494453184881,0.9999260714361151,0.14754098360655737,0.3989071038251366,0.9983265791649025,0.9988026478888098,0.1782178217821782,0.5626204238921002,29
2.5402045249938965,0.16655397415161133,0.997354278627532,0.9972989666977251,0.3333333333333333,0.8376623376623377,0.9989234845975489,0.9997376319711185,0.16883116883116883,0.3333333333333333,0.9981382648628522,0.9985168103561227,0.22413793103448276,0.476894639556377,29
1.1529145240783691,0.0798196792602539,0.9977676725919802,0.9973931887896649,0.1282051282051282,0.8636363636363636,0.9985932974762102,0.9997796224197458,0.0847457627118644,0.3481675392670157,0.9981803143093466,0.9985849798228604,0.1020408163265306,0.49626865671641796,29
