fit_time,score_time,test_recall-0,train_recall-0,test_recall-1,train_recall-1,test_precision-0,train_precision-0,test_precision-1,train_precision-1,test_f1-0,train_f1-0,test_f1-1,train_f1-1,target_id
2.816467761993408,0.11967706680297852,0.9960854247314166,0.9967410196987254,0.5102040816326531,0.9223300970873787,0.9989531079607415,0.9998339508286892,0.21739130434782608,0.37623762376237624,0.9975172053314749,0.9982850896053633,0.3048780487804878,0.5344585091420535,11
2.7486462593078613,0.14161968231201172,0.9968849905729977,0.996892355825258,0.15384615384615385,0.9113300492610837,0.9981942050398096,0.9998104684587927,0.09523809523809523,0.38461538461538464,0.9975391682388648,0.9983492797813058,0.11764705882352941,0.5409356725146198,11
2.78255558013916,0.1186835765838623,0.9967604433077579,0.9972033642799962,0.0,0.9560975609756097,0.9978663480413075,0.9999061786566869,0.0,0.421505376344086,0.9973130890945537,0.9985529425237097,0.0,0.5850746268656717,11
2.728708028793335,0.13263845443725586,0.9962594058544648,0.9970410528058269,0.14285714285714285,0.9466019417475728,0.9981696953850177,0.999885869621606,0.07526881720430108,0.40540540540540543,0.9972136357699508,0.998461434854458,0.09859154929577466,0.5676855895196506,11
1.2356948852539062,0.07480168342590332,0.9978687127024722,0.9979646423205208,0.3090909090909091,0.89,0.9985265035480243,0.9997651379280895,0.2361111111111111,0.4823848238482385,0.9981974997577284,0.9988640787572063,0.26771653543307083,0.6256590509666081,11
