fit_time,score_time,test_recall-0,train_recall-0,test_recall-1,train_recall-1,test_precision-0,train_precision-0,test_precision-1,train_precision-1,test_f1-0,train_f1-0,test_f1-1,train_f1-1,target_id
2.032553195953369,0.15358877182006836,0.9972238552485466,0.997735273673117,0.8260869565217391,0.9552238805970149,0.9998690113632642,0.9999662902410248,0.18269230769230768,0.24060150375939848,0.998544681546889,0.9988495361666545,0.2992125984251968,0.3843843843843843,50
1.9976537227630615,0.11969208717346191,0.9983208872785118,0.9984461983309495,0.7058823529411765,0.9178082191780822,0.999778741481547,0.9999381672781236,0.24,0.3073394495412844,0.9990492825399633,0.9991916258617938,0.3582089552238806,0.4604810996563574,50
2.001641273498535,0.0967414379119873,0.9986709811626026,0.9986634928687101,0.38461538461538464,0.948051948051948,0.999537331559771,0.9999609271976009,0.17857142857142858,0.3476190476190476,0.9991039685521866,0.9993117889095514,0.24390243902439027,0.5087108013937282,50
1.9587585926055908,0.1436166763305664,0.9981220657276996,0.9980040134353504,0.55,0.9714285714285714,0.9996614504965393,0.9999784953173554,0.18032786885245902,0.2677165354330709,0.9988911650284726,0.9989902787475161,0.271604938271605,0.4197530864197531,50
0.8148369789123535,0.06683850288391113,0.9989836949317308,0.9992694045132279,0.0,0.9863013698630136,0.9992486187845304,0.9999897025053804,0.0,0.5034965034965035,0.9991161392964469,0.9996294237539374,0.0,0.6666666666666667,50
