fit_time,score_time,test_recall-0,train_recall-0,test_recall-1,train_recall-1,test_precision-0,train_precision-0,test_precision-1,train_precision-1,test_f1-0,train_f1-0,test_f1-1,train_f1-1,target_id
3.4687178134918213,0.12367033958435059,0.9969048345612276,0.9978477934709504,0.13114754098360656,0.8210116731517509,0.9976877099602984,0.9995232320719712,0.10126582278481013,0.5035799522673031,0.9972961186218927,0.9986848100741477,0.11428571428571428,0.6242603550295858,2
2.727703332901001,0.13563776016235352,0.9975824972803095,0.9982271935841291,0.24242424242424243,0.8293650793650794,0.997984602362046,0.9995456466610313,0.21052631578947367,0.5543766578249337,0.9977835093092609,0.9988859850584726,0.22535211267605634,0.6645468998410176,2
2.8224470615386963,0.14960002899169922,0.9974225749703391,0.9980134747374949,0.24615384615384617,0.9090909090909091,0.9979941872364813,0.9997578310081601,0.20253164556962025,0.548926014319809,0.9977082992306433,0.9988848913295041,0.22222222222222224,0.6845238095238095,2
3.3021717071533203,0.1396193504333496,0.996937829888392,0.9978156492375877,0.5,0.8373015873015873,0.998668065870197,0.9995665916130192,0.30275229357798167,0.5047846889952153,0.9978021978021978,0.9986903529709976,0.37714285714285717,0.6298507462686568,2
1.8670353889465332,0.06778669357299805,0.9967202942871072,0.9974026241741478,0.5666666666666667,0.8682170542635659,0.9988452143015767,0.9996487712157681,0.3148148148148148,0.47058823529411764,0.997781622964639,0.9985244345385504,0.4047619047619047,0.6103542234332425,2
