fit_time,score_time,test_recall-0,train_recall-0,test_recall-1,train_recall-1,test_precision-0,train_precision-0,test_precision-1,train_precision-1,test_f1-0,train_f1-0,test_f1-1,train_f1-1,target_id
4.189790964126587,0.170546293258667,0.9967887725975262,0.9970715248230713,0.1978021978021978,0.8176470588235294,0.9971050126903553,0.9993406570033925,0.18181818181818182,0.5018050541516246,0.9969468675654243,0.998204801359677,0.1894736842105263,0.621923937360179,8
3.937462329864502,0.17353534698486328,0.9961801281779211,0.9962047753101866,0.4823529411764706,0.838150289017341,0.9981288539230279,0.9994142381958536,0.31297709923664124,0.4434250764525994,0.9971535389582802,0.9978069259367558,0.37962962962962965,0.58,8
4.356344223022461,0.1486043930053711,0.9968167734816009,0.9967573767073298,0.058823529411764705,0.7774566473988439,0.9966052787914792,0.999195200468247,0.0625,0.46379310344827585,0.9967110149171388,0.9979747998287976,0.06060606060606061,0.5809935205183585,8
4.2985007762908936,0.15159320831298828,0.9970365916509191,0.9972137606953122,0.0,0.723342939481268,0.9963946950512897,0.9990001562255898,0.0,0.4836223506743738,0.9967155400038641,0.9981061591450662,0.0,0.5796766743648961,8
2.115340232849121,0.07779455184936523,0.9968118130715664,0.9975531458806061,0.046511627906976744,0.7043478260869566,0.9965609797013923,0.9989319483565617,0.05,0.5094339622641509,0.9966863806048404,0.9982420710077747,0.048192771084337345,0.5912408759124087,8
