fit_time,score_time,test_recall-0,train_recall-0,test_recall-1,train_recall-1,test_precision-0,train_precision-0,test_precision-1,train_precision-1,test_f1-0,train_f1-0,test_f1-1,train_f1-1,target_id
3.0857431888580322,0.17752432823181152,0.9961139896373057,0.9962707615167659,0.14583333333333334,0.7916666666666666,0.998283082077052,0.9995807699160492,0.07,0.29862475442043224,0.9971973563122228,0.9979230209842892,0.0945945945945946,0.43366619115549215,12
3.3051586151123047,0.14062285423278809,0.9969914758482367,0.996949754517915,0.25,0.7135416666666666,0.9984934717107465,0.999424041552784,0.14285714285714285,0.31934731934731936,0.9977419085054781,0.9981853647312301,0.18181818181818182,0.44122383252818037,12
3.483680248260498,0.1675550937652588,0.9972985141828006,0.9970702817359893,0.14285714285714285,0.7958115183246073,0.9982791822018273,0.9995894347885589,0.0958904109589041,0.35266821345707655,0.9977886072320734,0.9983282690750807,0.11475409836065574,0.48874598070739556,12
3.4677252769470215,0.1466062068939209,0.9972095051231742,0.9968984874957354,0.15217391304347827,0.7525773195876289,0.998297686599738,0.9995024617776626,0.09859154929577464,0.3273542600896861,0.9977532991602138,0.9981987764101821,0.11965811965811966,0.45625,12
1.6077001094818115,0.0797882080078125,0.9974622405959641,0.997206791905997,0.24489795918367346,0.8586387434554974,0.9984839793493403,0.9997157655381506,0.16216216216216217,0.3813953488372093,0.9979728484550648,0.9984597025596273,0.19512195121951217,0.5281803542673109,12
