fit_time,score_time,test_recall-0,train_recall-0,test_recall-1,train_recall-1,test_precision-0,train_precision-0,test_precision-1,train_precision-1,test_f1-0,train_f1-0,test_f1-1,train_f1-1,target_id
8.287824392318726,0.15658164024353027,0.9983235540653814,0.9981206052947086,0.05063291139240506,0.7763157894736842,0.9914859802474741,0.9979804743185451,0.21428571428571427,0.7885783718104495,0.9948930191938945,0.9980505348878653,0.08191126279863481,0.7823990355635925,20
9.231301069259644,0.1436150074005127,0.9982969622559309,0.9977773028424877,0.0,0.5798816568047337,0.99103562160887,0.9962124041098083,0.0,0.7020057306590258,0.9946530394806936,0.9969942394037596,0.0,0.6351263771872975,20
8.948063611984253,0.13463926315307617,0.9985239852398524,0.998277553917782,0.0,0.6242774566473989,0.991037959412297,0.9966129603768472,0.0,0.7659574468085106,0.99476688867745,0.9974445626551516,0.0,0.6878980891719745,20
9.048792362213135,0.12566351890563965,0.9984387526899869,0.9981814359297803,0.0,0.6658905704307334,0.9910370246272407,0.9969866868254168,0.0,0.7677852348993288,0.9947241198108251,0.9975837036570119,0.0,0.7132169576059849,20
4.183806896209717,0.06087040901184082,0.998058063889698,0.9982795655139416,0.0,0.8432919954904171,0.9910335518704204,0.9985845357990244,0.0,0.8157033805888768,0.9945334042861981,0.9984320273682495,0.0,0.8292682926829268,20
