fit_time,score_time,test_recall-0,train_recall-0,test_recall-1,train_recall-1,test_precision-0,train_precision-0,test_precision-1,train_precision-1,test_f1-0,train_f1-0,test_f1-1,train_f1-1,target_id
4.2526209354400635,0.14261865615844727,0.9954170871173899,0.9956301747930083,0.11956521739130435,0.7027027027027027,0.9965903350732447,0.998846331333641,0.09166666666666666,0.3834808259587021,0.9960033655868742,0.9972356599861784,0.10377358490566038,0.49618320610687033,10
4.068115711212158,0.1595747470855713,0.9954804560260586,0.9955628161888701,0.010526315789473684,0.7193460490463215,0.9961699873691073,0.9989107675387576,0.008928571428571428,0.3854014598540146,0.9958251023359063,0.9972339819047519,0.00966183574879227,0.5019011406844106,10
4.26558780670166,0.1466073989868164,0.9970568449377732,0.9968742159404533,0.08695652173913043,0.7810810810810811,0.9964702916211446,0.999151281460215,0.10256410256410256,0.4914965986394558,0.9967634819889875,0.9980114498623714,0.09411764705882353,0.6033402922755742,10
4.287530183792114,0.14261746406555176,0.9956218651704497,0.9960381174802427,0.10989010989010989,0.6469002695417789,0.9965537780803267,0.998630638164428,0.08849557522123894,0.3870967741935484,0.99608760365724,0.997332693040469,0.09803921568627451,0.484359233097881,10
2.451439380645752,0.10272622108459473,0.9954591321897074,0.9959437986116919,0.03260869565217391,0.7432432432432432,0.9962549968440985,0.9990038065077651,0.02702702702702703,0.41478129713423834,0.9958569055080023,0.9974714557190646,0.02955665024630542,0.5324298160696999,10
