fit_time,score_time,test_recall-0,train_recall-0,test_recall-1,train_recall-1,test_precision-0,train_precision-0,test_precision-1,train_precision-1,test_f1-0,train_f1-0,test_f1-1,train_f1-1,target_id
3.4058847427368164,0.1575782299041748,0.9967174582590371,0.9968180716671408,0.0,0.732,0.9973641524736415,0.9992923232920699,0.0,0.37731958762886597,0.9970407005026755,0.9980536640170476,0.0,0.4979591836734693,13
4.2815446853637695,0.118682861328125,0.9977057398988826,0.9982821447162936,0.04838709677419355,0.6205533596837944,0.9974938407951746,0.9989998020441546,0.05263157894736842,0.48757763975155277,0.9975997790947131,0.9986408444469903,0.050420168067226885,0.5460869565217391,13
3.477696657180786,0.1406242847442627,0.9968390338790728,0.9978716903204055,0.0,0.78,0.9973644730973523,0.9994196108226753,0.0,0.491183879093199,0.9971016842659965,0.9986450507446949,0.0,0.6027820710973725,13
3.7858712673187256,0.13663768768310547,0.9969571733502884,0.9976221712036734,0.3620689655172414,0.6303501945525292,0.998317340488426,0.9990249509909577,0.23863636363636365,0.41116751269035534,0.9976367933103073,0.9983230683234272,0.2876712328767123,0.49769585253456217,13
1.7024455070495605,0.07579612731933594,0.9967985086723943,0.9971236210765876,0.3230769230769231,0.824,0.9982143581835152,0.999535286538096,0.21,0.430062630480167,0.9975059310177018,0.9983279973416741,0.2545454545454545,0.5651577503429355,13
