fit_time,score_time,test_recall-0,train_recall-0,test_recall-1,train_recall-1,test_precision-0,train_precision-0,test_precision-1,train_precision-1,test_f1-0,train_f1-0,test_f1-1,train_f1-1,target_id
1.6356232166290283,0.5305812358856201,0.9983146624367999,0.9983553476897774,0.030456852791878174,0.968421052631579,0.9976347042141893,0.9999227858852598,0.04225352112676056,0.5897435897435898,0.9979745675051257,0.9991384520426402,0.035398230088495575,0.7330677290836654,30
2.2120821475982666,0.09973335266113281,0.9989443124835049,0.9990617879640799,0.5135135135135135,0.9764705882352941,0.9988125082464705,0.9999425078093559,0.5428571428571428,0.7175792507204611,0.9988784060170219,0.9995019538732665,0.5277777777777778,0.8272425249169436,30
2.4085536003112793,0.06283235549926758,0.9989013671875,0.9991922310578183,0.4,0.9632352941176471,0.9985356924954241,0.999910183405486,0.47058823529411764,0.7443181818181818,0.9987184963690731,0.9995510783098995,0.4324324324324324,0.8397435897435898,30
2.0704610347747803,0.06781697273254395,0.9989149599891496,0.9993941391876119,0.0,0.9708029197080292,0.9975619666802112,0.9999286841331111,0.0,0.7964071856287425,0.9982380048793711,0.9996613402015917,0.0,0.8749999999999999,30
1.259629726409912,0.03390932083129883,0.999267578125,0.9992819831625052,0.05,0.9963235294117647,0.9976843388177941,0.9999910184212181,0.14285714285714285,0.7720797720797721,0.9984753308532048,0.99963637506341,0.07407407407407408,0.869983948635634,30
