fit_time,score_time,test_recall-0,train_recall-0,test_recall-1,train_recall-1,test_precision-0,train_precision-0,test_precision-1,train_precision-1,test_f1-0,train_f1-0,test_f1-1,train_f1-1,target_id
6.931450366973877,0.17154288291931152,0.997621729878583,0.9975172529877125,0.3559322033898305,0.8205128205128205,0.9952547452547452,0.9986729298759295,0.525,0.7093596059113301,0.9964368319059823,0.9980947568972959,0.4242424242424242,0.7608982826948482,4
7.211705684661865,0.15658020973205566,0.9974958618055261,0.9974649598793237,0.3045977011494253,0.7943262411347518,0.9948778732591119,0.998479526031563,0.4732142857142857,0.6982543640897756,0.9961851475076297,0.9979719850964486,0.3706293706293706,0.7431984074319841,4
7.878917217254639,0.1077117919921875,0.9977801494130203,0.9975522500470722,0.21965317919075145,0.7719546742209632,0.9942572741194488,0.998314577335776,0.4222222222222222,0.699614890885751,0.9960155967016812,0.9979332681048331,0.2889733840304182,0.7340067340067341,4
7.013240098953247,0.14161920547485352,0.9974548337297117,0.9976645345901364,0.22598870056497175,0.7891737891737892,0.9943018758058478,0.998441810027163,0.39603960396039606,0.7139175257731959,0.9958758591960009,0.9980530209747525,0.28776978417266186,0.749661705006766,4
3.2832159996032715,0.07483029365539551,0.9975520703676043,0.9977560286975485,0.15168539325842698,0.7945791726105563,0.9937587831693808,0.9984818454012567,0.313953488372093,0.7233766233766233,0.9956518138148087,0.9981188050987233,0.20454545454545453,0.7573079537729435,4
