fit_time,score_time,test_recall-0,train_recall-0,test_recall-1,train_recall-1,test_precision-0,train_precision-0,test_precision-1,train_precision-1,test_f1-0,train_f1-0,test_f1-1,train_f1-1,target_id
3.259280204772949,0.18051695823669434,0.998496993987976,0.9983331049915514,0.0,0.8303249097472925,0.9968426646659789,0.9994627896078364,0.0,0.6117021276595744,0.9976691435275714,0.9988976279008664,0.0,0.7044410413476264,48
3.4916574954986572,0.12865591049194336,0.9982583188193235,0.9982907907395656,0.0,0.889967637540453,0.9968419607304683,0.9996515429473317,0.0,0.6221719457013575,0.9975496370256717,0.9989707034550566,0.0,0.7323568575233023,48
3.3919246196746826,0.13065075874328613,0.9991536748329621,0.999175886437151,0.0,0.8990228013029316,0.9968447249133411,0.9996804947178562,0.0,0.7752808988764045,0.9979978643886813,0.9994281268837037,0.0,0.832579185520362,48
3.7380001544952393,0.12566399574279785,0.9983735429655733,0.9984598008009036,0.0,0.8766233766233766,0.9968422952002887,0.9996093669688932,0.0,0.6428571428571429,0.9976073314974493,0.9990342531900467,0.0,0.7417582417582417,48
1.7333948612213135,0.0608067512512207,0.9980174651876328,0.9985560154160608,0.0,0.8745980707395499,0.9968411126826968,0.9996029968646932,0.0,0.6570048309178744,0.9974289420922279,0.9990792318453516,0.0,0.750344827586207,48
