fit_time,score_time,test_recall-0,train_recall-0,test_recall-1,train_recall-1,test_precision-0,train_precision-0,test_precision-1,train_precision-1,test_f1-0,train_f1-0,test_f1-1,train_f1-1,target_id
2.0435292720794678,0.24534273147583008,0.9983538865018693,0.9987965158538183,0.21951219512195122,0.9375,0.9991065196146866,0.9999284248699718,0.1323529411764706,0.4712041884816754,0.9987300612640775,0.999362149853056,0.1651376146788991,0.627177700348432,62
2.24698805809021,0.10073089599609375,0.9979845299052185,0.9981855295985484,0.6190476190476191,0.9482758620689655,0.999563533198756,0.9999407284473817,0.26,0.3741496598639456,0.9987734074740371,0.9990623581199787,0.36619718309859156,0.5365853658536586,62
2.2380130290985107,0.16057157516479492,0.9981961370935809,0.9981965456119378,0.0,0.972972972972973,0.998855331513604,0.9999690287413281,0.0,0.38162544169611307,0.9985256255088792,0.9990820010314594,0.0,0.5482233502538071,62
2.177175283432007,0.12267875671386719,0.9991306337222603,0.9990399346338474,0.0,0.9642857142857143,0.9988564109601573,0.9999591085667553,0.0,0.5346534653465347,0.9989935035227376,0.9994993102743576,0.0,0.6878980891719746,62
1.1569361686706543,0.06482648849487305,0.9989990467111535,0.9990281925393532,0.0,0.9734513274336283,0.9988562169375208,0.9999696023993839,0.0,0.5339805825242718,0.9989276267187759,0.9994986757951558,0.0,0.689655172413793,62
