fit_time,score_time,test_recall-0,train_recall-0,test_recall-1,train_recall-1,test_precision-0,train_precision-0,test_precision-1,train_precision-1,test_f1-0,train_f1-0,test_f1-1,train_f1-1,target_id
2.2609448432922363,0.15857815742492676,0.9964740013389868,0.9973799395844892,0.6875,0.9136690647482014,0.9995522922636103,0.9998763944253886,0.21782178217821782,0.3324607329842932,0.998010773116381,0.9986266067928955,0.3308270676691729,0.48752399232245686,9
2.171190023422241,0.14262151718139648,0.9973022296278664,0.9982015339857181,0.08333333333333333,0.9481481481481482,0.9986889674625561,0.9999258175960662,0.04225352112676056,0.42953020134228187,0.9979951168191834,0.9990629318057886,0.05607476635514019,0.5912240184757506,9
2.087416648864746,0.12766098976135254,0.9968261525033723,0.9972388257074848,0.4722222222222222,0.9333333333333333,0.99924438258103,0.9999045325809086,0.17525773195876287,0.32558139534883723,0.9980338027050109,0.998569900104874,0.25563909774436094,0.4827586206896553,9
2.1741809844970703,0.126664400100708,0.9965134839956313,0.9969455303622622,0.5294117647058824,0.9124087591240876,0.9993260036227305,0.9998745347329681,0.1782178217821782,0.29904306220095694,0.9979177621200968,0.9984078843654245,0.2666666666666666,0.45045045045045046,9
1.0990588665008545,0.06981444358825684,0.9973599930753917,0.9977956015523932,0.3333333333333333,0.9130434782608695,0.9990462565569862,0.9998755496556874,0.1527777777777778,0.37168141592920356,0.9982024126654105,0.9988344927971653,0.20952380952380956,0.5283018867924529,9
