fit_time,score_time,test_recall-0,train_recall-0,test_recall-1,train_recall-1,test_precision-0,train_precision-0,test_precision-1,train_precision-1,test_f1-0,train_f1-0,test_f1-1,train_f1-1,target_id
1.8859500885009766,0.11968040466308594,0.9974197115606137,0.9977967951529494,0.41379310344827586,0.9236641221374046,0.9992152880354506,0.999897785000971,0.17647058823529413,0.3590504451038576,0.9983166924158923,0.9988461852638457,0.24742268041237114,0.5170940170940171,14
1.8939311504364014,0.14461278915405273,0.9973275692670466,0.9976245267611907,0.2647058823529412,0.9365079365079365,0.9990158255255491,0.9999149668902328,0.11688311688311688,0.34502923976608185,0.9981709835388518,0.9987684336812155,0.16216216216216217,0.5042735042735043,14
1.9258465766906738,0.13463997840881348,0.9981626858192751,0.998256675783452,0.03125,0.9921875,0.99870482556925,0.9999895428117288,0.022222222222222223,0.43197278911564624,0.9984336821001191,0.9991223579316901,0.025974025974025972,0.6018957345971564,14
1.9258511066436768,0.13962435722351074,0.9980563654033042,0.9980220103949666,0.5757575757575758,0.889763779527559,0.999432325034466,0.9998524327514967,0.2835820895522388,0.3754152823920266,0.9987438713075895,0.9989363830705882,0.38,0.52803738317757,14
1.0312376022338867,0.06985187530517578,0.9984967429430432,0.9986533603357204,0.375,0.9140625,0.9991642988467324,0.999885028638321,0.25,0.47560975609756095,0.9988304093567252,0.9992688149579568,0.3,0.6256684491978609,14
