fit_time,score_time,test_recall-0,train_recall-0,test_recall-1,train_recall-1,test_precision-0,train_precision-0,test_precision-1,train_precision-1,test_f1-0,train_f1-0,test_f1-1,train_f1-1,target_id
2.9052255153656006,0.16755247116088867,0.997285886610374,0.9971697526384541,0.06666666666666667,0.839572192513369,0.9981889526109267,0.9996881983058774,0.045454545454545456,0.36511627906976746,0.9977372152662544,0.9984273873350183,0.05405405405405406,0.5089141004862237,25
3.074789524078369,0.1595630645751953,0.9977725529018686,0.9976316975279533,0.19148936170212766,0.7135135135135136,0.998431502043175,0.9994435929199824,0.14285714285714285,0.3687150837988827,0.9981019187126057,0.9985368232807674,0.16363636363636364,0.48618784530386744,25
3.0628061294555664,0.16356182098388672,0.9975663078001897,0.9976736143858657,0.0,0.6756756756756757,0.9980603359333086,0.9993701779247363,0.0,0.36023054755043227,0.9978132607170854,0.9985211755081492,0.0,0.4699248120300751,25
2.809483528137207,0.16655516624450684,0.9978138019222044,0.9977679273161684,0.0,0.827027027027027,0.9980608161076041,0.9996640278856855,0.0,0.4180327868852459,0.997937293729373,0.9987150776460223,0.0,0.5553539019963702,25
1.3224618434906006,0.08278036117553711,0.9965440215787921,0.9968001834422522,0.0,0.8763440860215054,0.9980583343885864,0.9997595626130317,0.0,0.3468085106382979,0.9973006031464844,0.9982776797736976,0.0,0.4969512195121952,25
