fit_time,score_time,test_recall-0,train_recall-0,test_recall-1,train_recall-1,test_precision-0,train_precision-0,test_precision-1,train_precision-1,test_f1-0,train_f1-0,test_f1-1,train_f1-1,target_id
2.0255801677703857,0.16655421257019043,0.9976634734136653,0.9975745168504323,0.25,0.9791666666666666,0.9995986756295776,0.9999888470031898,0.05405405405405406,0.17735849056603772,0.9986301369863014,0.9987802229017327,0.08888888888888889,0.30031948881789133,36
2.0285720825195312,0.12067699432373047,0.9984949264455989,0.9983172277586885,0.0,0.9433962264150944,0.999465422559168,0.9999697205204033,0.0,0.2304147465437788,0.9989799387963278,0.999142790871227,0.0,0.3703703703703704,36
2.004639148712158,0.15059447288513184,0.9980544747081712,0.9982055883106896,0.7142857142857143,0.9,0.9998471357052776,0.9999465017493928,0.16393442622950818,0.2112676056338028,0.9989500009545446,0.9990752866344175,0.26666666666666666,0.34220532319391633,36
1.9767110347747803,0.10272622108459473,0.9979824353192499,0.9980579884644515,0.1111111111111111,0.9636363636363636,0.9995245453464876,0.9999805424757754,0.02857142857142857,0.20948616600790515,0.9987528950650276,0.999018340509491,0.04545454545454545,0.3441558441558442,36
0.8606977462768555,0.07882022857666016,0.99912260624094,0.9988357686063403,0.21428571428571427,0.88,0.9995801847187238,0.9999358432865346,0.11538461538461539,0.2875816993464052,0.9993513431013431,0.9993855032194288,0.15,0.43349753694581283,36
