fit_time,score_time,test_recall-0,train_recall-0,test_recall-1,train_recall-1,test_precision-0,train_precision-0,test_precision-1,train_precision-1,test_f1-0,train_f1-0,test_f1-1,train_f1-1,target_id
1.971724271774292,0.1655571460723877,0.9986100386100386,0.9985728131556805,0.2916666666666667,0.9080459770114943,0.9993431474827094,0.9999146803178158,0.16279069767441862,0.37089201877934275,0.9989764585465711,0.9992432962441915,0.20895522388059704,0.5266666666666667,26
1.9049007892608643,0.14960002899169922,0.998610058124842,0.9983550062988683,0.0,0.9550561797752809,0.999072942564578,0.9999582877105168,0.0,0.3497942386831276,0.9988414467170813,0.9991560038344517,0.0,0.5120481927710844,26
1.9737200736999512,0.1735386848449707,0.9988316345030418,0.9990102137517111,0.6086956521739131,0.9318181818181818,0.9996371114067981,0.9999367635589469,0.32558139534883723,0.4659090909090909,0.9992342106323808,0.9994732739186314,0.42424242424242425,0.6212121212121211,26
1.9308350086212158,0.14760470390319824,0.9987364164771292,0.9987610490478818,0.3181818181818182,0.9101123595505618,0.9993678088253888,0.9999166128124414,0.1891891891891892,0.405,0.9990520128926246,0.9993384968773927,0.23728813559322035,0.5605536332179931,26
1.1818363666534424,0.06485962867736816,0.9979151223128243,0.9977292860997689,0.5,0.9340659340659341,0.9995359413429857,0.9999387692621696,0.18181818181818182,0.275974025974026,0.9987248742262305,0.9988328058023312,0.26666666666666666,0.42606516290726815,26
