fit_time,score_time,test_recall-0,train_recall-0,test_recall-1,train_recall-1,test_precision-0,train_precision-0,test_precision-1,train_precision-1,test_f1-0,train_f1-0,test_f1-1,train_f1-1,target_id
2.0315661430358887,0.16156959533691406,0.9965470650052545,0.9968605863822558,0.2,0.8541666666666666,0.9983456158820875,0.9996981034426989,0.10679611650485436,0.35964912280701755,0.9974455296769346,0.9982773285672757,0.13924050632911392,0.506172839506173,18
2.1572282314300537,0.16655611991882324,0.9975404075895994,0.9976054579045692,0.0,0.9,0.9979348829034668,0.9997931212826481,0.0,0.4368932038834951,0.9977376062556285,0.9986980915675597,0.0,0.5882352941176471,18
2.5013039112091064,0.10073137283325195,0.9960633701392223,0.9968024285352897,0.2558139534883721,0.8578431372549019,0.9984600577478344,0.9997056972944448,0.11827956989247312,0.3564154786150713,0.9972602739726028,0.9982519519869478,0.16176470588235295,0.5035971223021583,18
2.3377432823181152,0.12168383598327637,0.9980199688250411,0.9980087157780604,0.0,0.9444444444444444,0.9979358860946123,0.9998851030938604,0.0,0.4947089947089947,0.9979779256887691,0.9989460283007053,0.0,0.6493055555555556,18
1.6695337295532227,0.0857689380645752,0.9972346640701071,0.9976909980846989,0.0,0.9175257731958762,0.9979342869392368,0.9998293861098967,0.0,0.4506329113924051,0.9975843528403335,0.9987590475023834,0.0,0.6044142614601018,18
