fit_time,score_time,test_recall-0,train_recall-0,test_recall-1,train_recall-1,test_precision-0,train_precision-0,test_precision-1,train_precision-1,test_f1-0,train_f1-0,test_f1-1,train_f1-1,target_id
2.146259307861328,0.13364148139953613,0.9969688619454395,0.9972036536204522,0.23076923076923078,0.8803418803418803,0.999079528718704,0.9998567408544384,0.08333333333333333,0.27320954907161804,0.9980230793986483,0.9985284349292319,0.12244897959183675,0.41700404858299595,24
2.1672027111053467,0.12067723274230957,0.9970607146137596,0.9973261213451038,0.15384615384615385,0.8717948717948718,0.9989876679550893,0.9998465284740837,0.058823529411764705,0.2802197802197802,0.9980232611593803,0.9985847345483156,0.0851063829787234,0.42411642411642414,24
2.162217140197754,0.1356360912322998,0.9973036477793613,0.9977185014605855,0.0,0.9375,0.998804104621557,0.9999252064835294,0.0,0.329153605015674,0.9980533122602779,0.9988206351493417,0.0,0.4872389791183295,24
1.8859541416168213,0.14860248565673828,0.9967258580177959,0.9968656048103371,0.2903225806451613,0.9642857142857143,0.9991505135531701,0.9999572229114086,0.09574468085106383,0.26865671641791045,0.9979367130102779,0.9984090205332452,0.144,0.4202334630350194,24
1.2905819416046143,0.07376956939697266,0.9974470888577781,0.9978946927403559,0.034482758620689655,0.8771929824561403,0.9988454560448623,0.9998530739038264,0.015873015873015872,0.33222591362126247,0.9981457826857308,0.9988729234269419,0.021739130434782605,0.48192771084337344,24
