fit_time,score_time,test_recall-0,train_recall-0,test_recall-1,train_recall-1,test_precision-0,train_precision-0,test_precision-1,train_precision-1,test_f1-0,train_f1-0,test_f1-1,train_f1-1,target_id
1.793203592300415,0.1575791835784912,0.9966748816649064,0.9970190104387677,0.0,1.0,0.9993724013493371,1.0,0.0,0.17352941176470588,0.9980218187515915,0.9985072803285046,0.0,0.2957393483709273,78
1.830103874206543,0.15259289741516113,0.9979881074797693,0.9976913605581778,0.5714285714285714,1.0,0.9997312791114296,1.0,0.1509433962264151,0.21328671328671328,0.9988589327665287,0.9988443462852155,0.23880597014925373,0.35158501440922185,78
1.705437183380127,0.15059661865234375,0.9980741454020221,0.9980415316433973,0.0,0.9032258064516129,0.9993732825531505,0.9999393136372372,0.0,0.224,0.9987232914990485,0.998989521336257,0.0,0.358974358974359,78
1.8221244812011719,0.15558505058288574,0.9972042562069685,0.9971417245623918,0.4,1.0,0.9996235412222362,1.0,0.0821917808219178,0.17964071856287425,0.9984124331550803,0.9985688169234787,0.13636363636363635,0.3045685279187817,78
0.9305028915405273,0.08477449417114258,0.9977173152682155,0.9977553795351045,0.0,0.9137931034482759,0.9993730638737277,0.9999459243156722,0.0,0.20306513409961685,0.9985445031965658,0.99884945092341,0.0,0.33228840125391845,78
