fit_time,score_time,test_recall-0,train_recall-0,test_recall-1,train_recall-1,test_precision-0,train_precision-0,test_precision-1,train_precision-1,test_f1-0,train_f1-0,test_f1-1,train_f1-1,target_id
1.5578351020812988,0.18949437141418457,0.9973991799767457,0.9970167749041926,0.0,1.0,0.9994481066993715,1.0,0.0,0.15584415584415584,0.9984225921558417,0.9985061592204449,0.0,0.2696629213483146,74
1.4441373348236084,0.16856026649475098,0.9965921999242711,0.996287933028584,0.0,1.0,0.9994476663904999,1.0,0.0,0.12919896640826872,0.9980178906909806,0.9981405152483268,0.0,0.22883295194508008,74
1.5688021183013916,0.11668729782104492,0.9935285478244905,0.9924730744125326,0.0,1.0,0.9994459578004524,1.0,0.0,0.06818181818181818,0.9964784680185053,0.9962223200483216,0.0,0.1276595744680851,74
1.839080572128296,0.10272479057312012,0.997196074504306,0.9968557237843467,0.0,1.0,0.9994479851457821,1.0,0.0,0.14905149051490515,0.998320759918795,0.9984253863820995,0.0,0.25943396226415094,74
1.2955329418182373,0.04887080192565918,0.9965118413805765,0.9963959611575438,0.0,1.0,0.9994476155404162,1.0,0.0,0.1325581395348837,0.9979775694061409,0.9981947274425628,0.0,0.23408624229979466,74
