fit_time,score_time,test_recall-0,train_recall-0,test_recall-1,train_recall-1,test_precision-0,train_precision-0,test_precision-1,train_precision-1,test_f1-0,train_f1-0,test_f1-1,train_f1-1,target_id
2.2390079498291016,0.2373640537261963,0.9983734392192508,0.9986775713533709,1.0,0.9852941176470589,1.0,0.9999742884323657,0.5177304964539007,0.5654008438818565,0.9991860576462703,0.9993255092405233,0.6822429906542056,0.7184986595174263,82
2.250978469848633,0.15658259391784668,0.9991083370485956,0.9993532879916358,0.0,0.9876543209876543,0.9982553175693233,0.9999784294481174,0.0,0.7272727272727273,0.9986816451582954,0.9996657609867599,0.0,0.837696335078534,82
2.341737985610962,0.09973025321960449,0.9990424153664169,0.999460466941338,0.0,0.9887640449438202,0.9982551922102775,0.9999803704103566,0.0,0.7619047619047619,0.9986486486486487,0.9997203510820452,0.0,0.8606356968215159,82
2.2549681663513184,0.10471987724304199,0.9983119906868452,0.9988294167568992,0.6,0.9888268156424581,0.9993008215346967,0.9999804677962791,0.3829787234042553,0.5959595959595959,0.9988061613720409,0.9994046108497473,0.4675324675324675,0.7436974789915967,82
1.1339681148529053,0.047870635986328125,0.9992516370439664,0.9995465858882093,0.0,0.994475138121547,0.9982555604012211,0.9999903486082693,0.0,0.7929515418502202,0.9987533503708783,0.9997684180055,0.0,0.8823529411764705,82
