fit_time,score_time,test_recall-0,train_recall-0,test_recall-1,train_recall-1,test_precision-0,train_precision-0,test_precision-1,train_precision-1,test_f1-0,train_f1-0,test_f1-1,train_f1-1,target_id
1.9567654132843018,0.10671424865722656,0.9968399592252803,0.9974342591298444,0.0,1.0,0.9990294733615978,1.0,0.0,0.2740112994350282,0.9979335153200499,0.9987154816943646,0.0,0.43015521064301554,43
1.8869493007659912,0.14760613441467285,0.9975044696066746,0.9977511889646862,0.38461538461538464,1.0,0.9994029182371161,1.0,0.12987012987012986,0.3010033444816054,0.9984527914996739,0.9988743287714026,0.19417475728155337,0.46272493573264784,43
1.9378156661987305,0.13065004348754883,0.9976842105263158,0.9981048773376651,0.0,0.989247311827957,0.9990302723669786,0.9999895675760263,0.0,0.3357664233576642,0.9983567877306817,0.9990463335956351,0.0,0.5013623978201635,43
1.8919398784637451,0.17552733421325684,0.9962070774321107,0.9966948412155405,0.0,0.9891304347826086,0.9990288512119128,0.9999894392227268,0.0,0.22469135802469137,0.9976159689671892,0.9983394221188973,0.0,0.3661971830985915,43
0.928518533706665,0.07782649993896484,0.9962474276721947,0.9965685294148606,0.5,0.9891304347826086,0.9995142093757591,0.9999894378841969,0.11428571428571428,0.2182254196642686,0.9978781448923916,0.9982760529520617,0.18604651162790695,0.3575638506876228,43
