fit_time,score_time,test_recall-0,train_recall-0,test_recall-1,train_recall-1,test_precision-0,train_precision-0,test_precision-1,train_precision-1,test_f1-0,train_f1-0,test_f1-1,train_f1-1,target_id
1.8410732746124268,0.36901307106018066,0.9986794022938601,0.9989596434837968,0.0,0.9833333333333333,0.9981377015983222,0.9999689132056703,0.0,0.6378378378378379,0.9984084784692456,0.9994640235518926,0.0,0.7737704918032787,53
2.184156656265259,0.17453289031982422,0.9975957203822805,0.9981135350963486,0.06451612903225806,0.9875776397515528,0.9982557440153975,0.9999768099809841,0.047619047619047616,0.4937888198757764,0.9979256230646664,0.9990443037608094,0.0547945205479452,0.6583850931677019,53
2.1801650524139404,0.059838056564331055,0.9980384464495881,0.998410712165359,0.0,1.0,0.998136341343796,1.0,0.0,0.5396825396825397,0.9980873914962483,0.9992047241215402,0.0,0.7010309278350516,53
2.2649412155151367,0.10970640182495117,0.9983326794821499,0.9985111843847904,0.0,0.9852941176470589,0.9981368895861934,0.9999725583820422,0.0,0.5521978021978022,0.9982347749338041,0.9992413370748516,0.0,0.7077464788732395,53
1.1997883319854736,0.03490900993347168,0.9980434174974379,0.9985497402382831,0.0,0.9802955665024631,0.9981364144614238,0.9999632325906317,0.0,0.5574229691876751,0.9980899138131843,0.9992559865526458,0.0,0.7107142857142856,53
