fit_time,score_time,test_recall-0,train_recall-0,test_recall-1,train_recall-1,test_precision-0,train_precision-0,test_precision-1,train_precision-1,test_f1-0,train_f1-0,test_f1-1,train_f1-1,target_id
25.164227962493896,0.20969533920288086,0.9970951343500363,0.9977291211170611,0.19444444444444445,0.4848901098901099,0.9877279844272354,0.9921228416586144,0.5072463768115942,0.7665580890336591,0.992389455782313,0.9949180837225958,0.28112449799196787,0.5940260832982751,0
25.16822075843811,0.19174408912658691,0.9972660088000341,0.9978558678454112,0.2638888888888889,0.49107142857142855,0.9887759423972893,0.992217612771097,0.5974842767295597,0.7788671023965141,0.9930028286437398,0.9950287531860216,0.3660886319845857,0.6023588879528222,0
25.164231538772583,0.19373846054077148,0.997276231981227,0.9977181549956485,0.12534059945504086,0.5113871635610766,0.9866915422885573,0.9925249432508051,0.4144144144144144,0.7751046025104602,0.9919556518839614,0.995114773707638,0.19246861924686193,0.6162162162162163,0
24.27491569519043,1.0850491523742676,0.9973528299508383,0.9975500334086354,0.33879781420765026,0.476551724137931,0.9899074151305364,0.9919949375098877,0.6631016042780749,0.7494577006507592,0.9936161751470373,0.9947647301456358,0.4484629294755877,0.5826306913996626,0
62.1792414188385,0.07081174850463867,0.9971614980511778,0.9978408585762367,0.18181818181818182,0.4728148657949071,0.9875388101032139,0.9919405748916291,0.49624060150375937,0.7710437710437711,0.992326826594713,0.9948819687008642,0.26612903225806456,0.5861774744027304,0
