fit_time,score_time,test_recall-0,train_recall-0,test_recall-1,train_recall-1,test_precision-0,train_precision-0,test_precision-1,train_precision-1,test_f1-0,train_f1-0,test_f1-1,train_f1-1,target_id
2.816462516784668,0.14561080932617188,0.9962794197566991,0.9968960976527391,0.06779661016949153,0.9152542372881356,0.997697492359861,0.999790376169963,0.043010752688172046,0.42105263157894735,0.996987951807229,0.9983411392239462,0.052631578947368425,0.5767690253671562,6
3.095717430114746,0.13364243507385254,0.9964950237992212,0.9969221841093505,0.08771929824561403,0.9411764705882353,0.997747064685239,0.9998544910304114,0.05813953488372093,0.42994241842610365,0.9971206512091101,0.9983861844938793,0.06993006993006994,0.5902503293807642,6
2.911210298538208,0.1595749855041504,0.9967936860278702,0.9972712006717045,0.18333333333333332,0.7787234042553192,0.997983373117129,0.99945304611242,0.12359550561797752,0.41309255079006774,0.997388174807198,0.9983609313272253,0.1476510067114094,0.5398230088495576,6
3.3141329288482666,0.12865734100341797,0.9963630283014924,0.9965825721631169,0.2711864406779661,0.7330508474576272,0.9981991037400009,0.9993397748946784,0.1553398058252427,0.346,0.997280220929746,0.9979592691043808,0.19753086419753085,0.47010869565217384,6
1.6495850086212158,0.07284188270568848,0.99646483331278,0.9970717884130983,0.36666666666666664,0.8468085106382979,0.9984348614028584,0.9996212001641466,0.2037037037037037,0.41631799163179917,0.9974488746245319,0.9983448667223632,0.2619047619047619,0.5582047685834501,6
