fit_time,score_time,test_recall-0,train_recall-0,test_recall-1,train_recall-1,test_precision-0,train_precision-0,test_precision-1,train_precision-1,test_f1-0,train_f1-0,test_f1-1,train_f1-1,target_id
3.2692534923553467,0.2214066982269287,0.9977253197189506,0.9970677426630912,0.1016949152542373,0.9551820728291317,0.9959883940961272,0.9997989545637314,0.16666666666666666,0.5930434782608696,0.9968561003017639,0.9984314808075991,0.1263157894736842,0.7317596566523606,42
3.401898145675659,0.2373654842376709,0.9980864213493316,0.9981659789087575,0.0,0.9418282548476454,0.9955377869486717,0.9997393570807993,0.0,0.6967213114754098,0.9968104750713447,0.9989520484662082,0.0,0.800942285041225,42
3.387937307357788,0.08178114891052246,0.998556894436828,0.9983508515861206,0.5645161290322581,0.9661016949152542,0.9980527909995673,0.999848126738237,0.6363636363636364,0.7238095238095238,0.9983047790802524,0.999098928198805,0.5982905982905983,0.8275862068965517,42
3.313138961791992,0.10072946548461914,0.9989176708276211,0.9988247448084997,0.0,0.9745762711864406,0.9955414928807709,0.9998861447669288,0.0,0.7876712328767124,0.9972267242931748,0.9993551629635952,0.0,0.8712121212121212,42
1.7662744522094727,0.047870635986328125,0.9978377572323293,0.9980652346256936,0.0,0.9578059071729957,0.9955367105556795,0.9998109122538313,0.0,0.6889226100151745,0.9966859057903555,0.9989373107822809,0.0,0.8014121800529567,42
