fit_time,score_time,test_recall-0,train_recall-0,test_recall-1,train_recall-1,test_precision-0,train_precision-0,test_precision-1,train_precision-1,test_f1-0,train_f1-0,test_f1-1,train_f1-1,target_id
2.271921157836914,0.34108901023864746,0.9965634539904056,0.9968976048866741,0.0,0.8900523560209425,0.9969286611754852,0.9996614977916761,0.0,0.46831955922865015,0.9967460241300194,0.9982776382718435,0.0,0.6137184115523466,38
2.977036237716675,0.118682861328125,0.9961217344465392,0.9970882440328811,0.0,0.9032258064516129,0.9969272237196766,0.9997021031517487,0.0,0.4878048780487805,0.9965243163141587,0.9983934627818878,0.0,0.6334841628959275,38
3.214402437210083,0.07978391647338867,0.9970662482090469,0.9978927897175767,0.0,0.9285714285714286,0.996930213520704,0.9997802827665265,0.0,0.575,0.9969982262245872,0.9988356445470943,0.0,0.7102137767220903,38
2.956092357635498,0.08377575874328613,0.9971910112359551,0.9979851669912787,0.02127659574468085,0.9125,0.9969956240611325,0.9997308856744678,0.022727272727272728,0.5816733067729084,0.9970933080766844,0.9988572635783975,0.02197802197802198,0.7104622871046229,38
1.9009125232696533,0.05289292335510254,0.9971489143943271,0.9978083434099153,0.0,0.9415384615384615,0.9969302733518491,0.999820148992361,0.0,0.5687732342007435,0.997039581886627,0.9988132331594948,0.0,0.7091541135573581,38
