fit_time,score_time,test_recall-0,train_recall-0,test_recall-1,train_recall-1,test_precision-0,train_precision-0,test_precision-1,train_precision-1,test_f1-0,train_f1-0,test_f1-1,train_f1-1,target_id
1.8101577758789062,0.5086381435394287,0.9964137931034482,0.9964214438097859,0.48717948717948717,1.0,0.9992096111286753,1.0,0.17272727272727273,0.3004484304932735,0.9978097436808145,0.9982075146501206,0.2550335570469799,0.46206896551724136,70
2.1961257457733154,0.07081031799316406,0.9979827089337175,0.9986368792769056,0.0,1.0,0.9984622777510812,1.0,0.0,0.5299684542586751,0.9982224357434543,0.9993179747971089,0.0,0.6927835051546392,70
2.1931333541870117,0.05884218215942383,0.9991217477220331,0.9985172996772415,0.0,0.9882352941176471,0.9984640702139331,0.999981891767092,0.0,0.5060240963855421,0.9987928007023705,0.999249059061957,0.0,0.6693227091633465,70
2.2110843658447266,0.06183505058288574,0.9983012457531144,0.9984910019002198,0.05263157894736842,0.9939393939393939,0.9985435714863662,0.9999906712066794,0.045454545454545456,0.5030674846625767,0.9984223939161037,0.9992402738742769,0.04878048780487805,0.6680244399185336,70
1.0282833576202393,0.03590083122253418,0.9988045427375971,0.9989537715148092,0.0,0.9939759036144579,0.9984635083226633,0.9999907317299226,0.0,0.5935251798561151,0.9986339964142406,0.9994719826587989,0.0,0.7432432432432432,70
