fit_time,score_time,test_recall-0,train_recall-0,test_recall-1,train_recall-1,test_precision-0,train_precision-0,test_precision-1,train_precision-1,test_f1-0,train_f1-0,test_f1-1,train_f1-1,target_id
2.0933997631073,0.22140979766845703,0.9965038614068045,0.996341268769414,0.0,1.0,0.9989538107443636,1.0,0.0,0.22193211488250653,0.9977273320968627,0.9981672816728168,0.0,0.3632478632478633,34
2.0744502544403076,0.16655445098876953,0.9972931546163128,0.9975424736853917,0.0,0.989247311827957,0.9989546583039332,0.999988750899928,0.0,0.2958199356913183,0.9981232150142799,0.9987641143755969,0.0,0.45544554455445546,34
2.2090914249420166,0.09973335266113281,0.9977899195776291,0.997545609152752,0.23529411764705882,1.0,0.9992007869174966,1.0,0.1,0.2983425414364641,0.9984948548610043,0.9987712967173306,0.14035087719298245,0.45957446808510644,34
2.0684666633605957,0.08975958824157715,0.9976057462090981,0.997564935064935,0.0,1.0,0.9989549394479621,1.0,0.0,0.3,0.9982798869640006,0.9987809833401057,0.0,0.4615384615384615,34
1.1828365325927734,0.0558474063873291,0.99802262990223,0.997922635397899,0.10526315789473684,1.0,0.9990652663990762,1.0,0.05263157894736842,0.334384858044164,0.9985436759816448,0.9989602377162681,0.07017543859649122,0.5011820330969267,34
