fit_time,score_time,test_recall-0,train_recall-0,test_recall-1,train_recall-1,test_precision-0,train_precision-0,test_precision-1,train_precision-1,test_f1-0,train_f1-0,test_f1-1,train_f1-1,target_id
4.176820755004883,0.23936009407043457,0.9969612991054064,0.996874159289768,0.0,0.9460043196544277,0.9940855653860138,0.9996788283658787,0.0,0.6422287390029325,0.9955213554878567,0.9982745238904676,0.0,0.7650655021834061,15
4.746305465698242,0.11668252944946289,0.9988044877689902,0.9986454175090049,0.0,0.9256055363321799,0.994096380028374,0.99955833110787,0.0,0.8020989505247377,0.9964448725888208,0.9991016657683325,0.0,0.859437751004016,15
3.8058173656463623,0.12067699432373047,0.9981628260983676,0.9984122863077168,0.0,0.9713804713804713,0.9940927387735898,0.999830003399932,0.0,0.7839673913043478,0.9961236249345208,0.99912064193139,0.0,0.8676691729323307,15
4.4451069831848145,0.1316509246826172,0.9977953913180411,0.9979030196517016,0.09734513274336283,0.9478114478114478,0.9946627596672074,0.9996898914620117,0.20754716981132076,0.7283311772315654,0.9962266128609613,0.9987956563672797,0.13253012048192772,0.8237015362106803,15
2.615004062652588,0.05388641357421875,0.9978031634446397,0.9977026746016814,0.0,0.9482470784641068,0.9940906106369009,0.9996924175976822,0.0,0.71,0.9959434272557833,0.9986965550395741,0.0,0.8120085775553967,15
