,fit_time,score_time,test_accuracy,test_recall,test_precision,test_recall-0,test_recall-1,test_precision-0,test_precision-1
0,325.5332021713257,1.2007880210876465,0.9945207753933004,0.3563218390804598,0.7560975609756098,0.9991637747209098,0.3563218390804598,0.9953350826773293,0.7560975609756098
1,331.1112816333771,8.508322954177856,0.9945727048803907,0.4393063583815029,0.6972477064220184,0.9986122792262405,0.4393063583815029,0.9959318906223787,0.6972477064220184
2,329.8476641178131,7.721424341201782,0.9960338997202856,0.5722543352601156,0.825,0.9991169049621531,0.5722543352601156,0.9968950614693912,0.825
3,246.491272687912,0.23137927055358887,0.9942804659124118,0.32947976878612717,0.7307692307692307,0.9991169049621531,0.32947976878612717,0.9951413612565445,0.7307692307692307
4,246.33759951591492,0.21442747116088867,0.9942387174884149,0.36416184971098264,0.6923076923076923,0.9988225399495374,0.36416184971098264,0.9953901600871679,0.6923076923076923
