,fit_time,score_time,test_accuracy,test_recall,test_precision,test_recall-0,test_recall-1,test_precision-0,test_precision-1
0,287.30611753463745,0.29680681228637695,0.9961777741633798,0.5869565217391305,0.6864406779661016,0.9984870169699448,0.5869565217391305,0.9976710929519919,0.6864406779661016
1,288.61830973625183,0.3124268054962158,0.9959338023014679,0.4855072463768116,0.6979166666666666,0.9988141484359027,0.4855072463768116,0.997101685920725,0.6979166666666666
2,289.6230721473694,0.29680442810058594,0.9969096897491156,0.6014492753623188,0.7980769230769231,0.9991412799018605,0.6014492753623188,0.9977540936747111,0.7980769230769231
3,238.30976581573486,0.26429271697998047,0.9959451157075568,0.43795620437956206,0.7317073170731707,0.9990938298047615,0.43795620437956206,0.9968355730900423,0.7317073170731707
4,238.10362720489502,0.20245814323425293,0.9959338023014679,0.43478260869565216,0.7317073170731707,0.9991003884686158,0.43478260869565216,0.9968177552935417,0.7317073170731707
