,fit_time,score_time,test_accuracy,test_recall,test_precision,test_recall-0,test_recall-1,test_precision-0,test_precision-1
0,268.61548948287964,0.2811877727508545,0.9945054945054945,0.2185430463576159,0.6875,0.9993764290168364,0.2185430463576159,0.9951154896928553,0.6875
1,269.09974908828735,0.28118467330932617,0.9949186152193671,0.304635761589404,0.71875,0.9992517148202037,0.304635761589404,0.995650733162124,0.71875
2,270.3390655517578,0.2968103885650635,0.9956747764608027,0.48,0.7346938775510204,0.998911906256539,0.48,0.9967428070321961,0.7346938775510204
3,227.1590793132782,0.23431825637817383,0.9959957850368809,0.49324324324324326,0.7849462365591398,0.9991517156550875,0.49324324324324326,0.9968263371699391,0.7849462365591398
4,227.79955744743347,0.15625619888305664,0.996290832455216,0.5067567567567568,0.8333333333333334,0.9993637867413157,0.5067567567567568,0.9969113602707849,0.8333333333333334
