,fit_time,score_time,test_accuracy,test_recall,test_precision,test_recall-0,test_recall-1,test_precision-0,test_precision-1
0,7.038173198699951,0.4218747615814209,0.9586982690631356,0.9482758620689655,0.14335360556038226,0.9587740937408538,0.9482758620689655,0.9996076721883174,0.14335360556038226
1,7.07906436920166,0.43483734130859375,0.9597945891783567,0.9826589595375722,0.1504424778761062,0.9596282434080491,0.9826589595375722,0.9998685478923846,0.1504424778761062
2,7.217695713043213,0.42486095428466797,0.9597110888443554,0.8901734104046243,0.14,0.9602169981916817,0.8901734104046243,0.9991685629266585,0.14
3,7.206722736358643,0.43184375762939453,0.9619238476953907,0.953757225433526,0.15434985968194576,0.9619832625425796,0.953757225433526,0.9996503954901018,0.15434985968194576
4,4.020245790481567,0.18151545524597168,0.9587925851703407,0.9364161849710982,0.14235500878734622,0.9589553807981833,0.9364161849710982,0.9995178399228544,0.14235500878734622
