,RandomForestClassifier,RidgeClassifier,LinearDiscriminantAnalysis,RidgeClassifierCV,AdaBoostClassifier,ExtraTreesClassifier,GradientBoostingClassifier,HistGradientBoostingClassifier,ID_UF
0,0.6761768901569187,0.666191155492154,0.6647646219686163,0.666191155492154,0.6790299572039943,0.666191155492154,0.6990014265335235,0.6647646219686163,0
1,0.7203994293865906,0.717546362339515,0.717546362339515,0.717546362339515,0.6904422253922967,0.7047075606276747,0.7118402282453637,0.7004279600570613,0
2,0.68188302425107,0.6433666191155493,0.6433666191155493,0.6433666191155493,0.651925820256776,0.6547788873038516,0.666191155492154,0.6604850213980028,0
3,0.6718972895863052,0.6504992867332382,0.651925820256776,0.6533523537803139,0.6733238231098431,0.6619115549215406,0.6747503566333809,0.6676176890156919,0
4,0.6628571428571428,0.6471428571428571,0.65,0.65,0.6514285714285715,0.6514285714285715,0.6471428571428571,0.63,0
