,RandomForestClassifier,RidgeClassifier,LinearDiscriminantAnalysis,RidgeClassifierCV,AdaBoostClassifier,ExtraTreesClassifier,GradientBoostingClassifier,HistGradientBoostingClassifier,ID_UF
0,0.6388206388206388,0.6191646191646192,0.6191646191646192,0.6191646191646192,0.6265356265356266,0.6216216216216216,0.6363636363636364,0.628992628992629,1
1,0.6633906633906634,0.6560196560196561,0.6535626535626535,0.6511056511056511,0.6388206388206388,0.6609336609336609,0.6781326781326781,0.6658476658476659,1
2,0.6551724137931034,0.6773399014778325,0.6847290640394089,0.6822660098522167,0.6724137931034483,0.6699507389162561,0.6970443349753694,0.6798029556650246,1
3,0.6305418719211823,0.6280788177339901,0.6305418719211823,0.6231527093596059,0.6403940886699507,0.6428571428571429,0.6403940886699507,0.6502463054187192,1
4,0.6502463054187192,0.6674876847290641,0.6724137931034483,0.6748768472906403,0.6428571428571429,0.6428571428571429,0.6674876847290641,0.6403940886699507,1
