,RandomForestClassifier,RidgeClassifier,LinearDiscriminantAnalysis,RidgeClassifierCV,AdaBoostClassifier,ExtraTreesClassifier,GradientBoostingClassifier,HistGradientBoostingClassifier,ID_UF
0,0.655791788856305,0.6323313782991202,0.6337976539589443,0.6330645161290323,0.6315982404692082,0.6645894428152492,0.6605571847507331,0.6627565982404692,2
1,0.6510263929618768,0.6378299120234604,0.6352639296187683,0.6367302052785924,0.6385630498533724,0.657991202346041,0.657624633431085,0.658357771260997,2
2,0.6631231671554252,0.6484604105571847,0.6473607038123167,0.6466275659824047,0.6345307917888563,0.6682551319648093,0.6616568914956011,0.6638563049853372,2
3,0.6494316098276495,0.6329299596626329,0.6325632563256326,0.6343967730106344,0.636963696369637,0.6442977631096443,0.6578657865786579,0.6545654565456546,2
4,0.651998533186652,0.6336633663366337,0.6354968830216355,0.6347634763476347,0.647964796479648,0.6567656765676567,0.6615328199486615,0.647964796479648,2
