,RandomForestClassifier,RidgeClassifier,LinearDiscriminantAnalysis,RidgeClassifierCV,AdaBoostClassifier,ExtraTreesClassifier,GradientBoostingClassifier,HistGradientBoostingClassifier,ID_UF
0,0.6182432432432432,0.6114864864864865,0.6114864864864865,0.597972972972973,0.6114864864864865,0.6621621621621622,0.6351351351351351,0.6047297297297297,3
1,0.6237288135593221,0.5932203389830508,0.5932203389830508,0.5966101694915255,0.6101694915254238,0.6101694915254238,0.6067796610169491,0.5966101694915255,3
2,0.6610169491525424,0.6237288135593221,0.6271186440677966,0.6237288135593221,0.6305084745762712,0.6542372881355932,0.6779661016949152,0.6406779661016949,3
3,0.6576271186440678,0.6406779661016949,0.6338983050847458,0.6338983050847458,0.6508474576271186,0.7016949152542373,0.6508474576271186,0.6779661016949152,3
4,0.6406779661016949,0.6237288135593221,0.6271186440677966,0.6271186440677966,0.6542372881355932,0.6135593220338983,0.6237288135593221,0.6305084745762712,3
