,RandomForestClassifier,RidgeClassifier,LinearDiscriminantAnalysis,RidgeClassifierCV,AdaBoostClassifier,ExtraTreesClassifier,GradientBoostingClassifier,HistGradientBoostingClassifier,ID_UF
0,0.6525139664804469,0.6461824953445066,0.6463687150837989,0.6467411545623836,0.6608938547486034,0.6562383612662942,0.6692737430167598,0.6664804469273743,4
1,0.6582867783985102,0.6430167597765363,0.6435754189944134,0.6432029795158287,0.6420856610800745,0.657169459962756,0.6657355679702048,0.6575418994413408,4
2,0.6553072625698324,0.6517690875232774,0.6504655493482309,0.6504655493482309,0.6538175046554935,0.6491620111731844,0.6666666666666666,0.657169459962756,4
3,0.6456238361266294,0.6396648044692738,0.6402234636871509,0.6400372439478584,0.6459962756052141,0.6484171322160149,0.654562383612663,0.6541899441340782,4
4,0.6541255354814677,0.647234121810393,0.6476066306574781,0.6481653939281058,0.6444403054572546,0.6448128143043397,0.6621344756937977,0.6625069845408829,4
