,RandomForestClassifier,RidgeClassifier,LinearDiscriminantAnalysis,RidgeClassifierCV,AdaBoostClassifier,ExtraTreesClassifier,GradientBoostingClassifier,HistGradientBoostingClassifier,ID_UF
0,0.6197654941373534,0.6113902847571189,0.6113902847571189,0.6080402010050251,0.6130653266331658,0.6164154103852596,0.628140703517588,0.6432160804020101,5
1,0.6331658291457286,0.592964824120603,0.5896147403685092,0.5912897822445561,0.6214405360134003,0.6465661641541038,0.644891122278057,0.6197654941373534,5
2,0.6241610738255033,0.6140939597315436,0.6124161073825504,0.6140939597315436,0.6157718120805369,0.6291946308724832,0.5989932885906041,0.6442953020134228,5
3,0.6258389261744967,0.6241610738255033,0.6241610738255033,0.62751677852349,0.6291946308724832,0.6476510067114094,0.6426174496644296,0.62751677852349,5
4,0.62248322147651,0.6510067114093959,0.6426174496644296,0.6493288590604027,0.6593959731543624,0.6325503355704698,0.6661073825503355,0.6459731543624161,5
