,RandomForestClassifier,RidgeClassifier,LinearDiscriminantAnalysis,RidgeClassifierCV,AdaBoostClassifier,ExtraTreesClassifier,GradientBoostingClassifier,HistGradientBoostingClassifier,ID_UF
0,0.7096296296296296,0.677037037037037,0.682962962962963,0.6785185185185185,0.6651851851851852,0.674074074074074,0.7007407407407408,0.6651851851851852,6
1,0.6903703703703704,0.6444444444444445,0.6444444444444445,0.642962962962963,0.6666666666666666,0.6725925925925926,0.6903703703703704,0.6474074074074074,6
2,0.6795252225519288,0.6706231454005934,0.6602373887240356,0.6676557863501483,0.6617210682492581,0.6824925816023739,0.6824925816023739,0.6454005934718101,6
3,0.6735905044510386,0.658753709198813,0.6661721068249258,0.658753709198813,0.6646884272997032,0.6632047477744807,0.6617210682492581,0.6632047477744807,6
4,0.6216617210682492,0.6112759643916914,0.615727002967359,0.6097922848664689,0.615727002967359,0.6409495548961425,0.6246290801186943,0.6246290801186943,6
