,RandomForestClassifier,RidgeClassifier,LinearDiscriminantAnalysis,RidgeClassifierCV,AdaBoostClassifier,ExtraTreesClassifier,GradientBoostingClassifier,HistGradientBoostingClassifier,ID_UF
0,0.6675783192441571,0.6616111387369468,0.6606166086524118,0.6606166086524118,0.6640974639482844,0.6683242168075584,0.6710591745400298,0.6735454997513675,7
1,0.6682417309127083,0.6500870430241233,0.6525739865705048,0.652822680925143,0.6669982591395175,0.6699825913951754,0.6699825913951754,0.6739617010693857,7
2,0.6734643123601094,0.6600348172096493,0.6600348172096493,0.6602835115642874,0.6694852026858991,0.6846555583188262,0.6834120865456355,0.6908729171847799,7
3,0.6660034817209649,0.6622730664013927,0.6640139268838597,0.6637652325292216,0.6697338970405372,0.6824173091270828,0.679432976871425,0.6816712260631683,7
4,0.6729669236508331,0.6640139268838597,0.661029594628202,0.6612782889828401,0.6739617010693857,0.6707286744590898,0.6757025615518528,0.6764486446157673,7
