,RandomForestClassifier,RidgeClassifier,LinearDiscriminantAnalysis,RidgeClassifierCV,AdaBoostClassifier,ExtraTreesClassifier,GradientBoostingClassifier,HistGradientBoostingClassifier,ID_UF
0,0.6751188589540412,0.679080824088748,0.6759112519809826,0.6767036450079239,0.6671949286846276,0.6870047543581617,0.6727416798732171,0.6695721077654516,8
1,0.6671949286846276,0.6767036450079239,0.6759112519809826,0.6751188589540412,0.6751188589540412,0.6870047543581617,0.6822503961965135,0.6774960380348652,8
2,0.6608557844690967,0.6751188589540412,0.6735340729001584,0.6759112519809826,0.6695721077654516,0.6767036450079239,0.6664025356576863,0.6648177496038035,8
3,0.6711568938193344,0.6648177496038035,0.6656101426307448,0.6648177496038035,0.6624405705229794,0.6774960380348652,0.6695721077654516,0.6671949286846276,8
4,0.6719492868462758,0.6671949286846276,0.6679873217115689,0.6679873217115689,0.6679873217115689,0.679080824088748,0.6774960380348652,0.6679873217115689,8
