,RandomForestClassifier,RidgeClassifier,LinearDiscriminantAnalysis,RidgeClassifierCV,AdaBoostClassifier,ExtraTreesClassifier,GradientBoostingClassifier,HistGradientBoostingClassifier,ID_UF
0,0.7022881569021876,0.6914759869248177,0.692984661805381,0.6919788785516721,0.6970077948202162,0.6997736987679155,0.7100829771184309,0.7151118933869751,9
1,0.705305506663314,0.6887100829771184,0.6879557455368368,0.6897158662308273,0.692984661805381,0.7000251445813427,0.707568518984159,0.7068141815438773,9
2,0.707568518984159,0.6965049031933618,0.6952476741262258,0.6965049031933618,0.705305506663314,0.7093286396781494,0.7224038219763641,0.7163691224541111,9
3,0.7103344229318582,0.6924817701785265,0.6917274327382449,0.6932361076188082,0.7007794820216243,0.7025396027156148,0.708825748051295,0.7080714106110133,9
4,0.6954225352112676,0.6878772635814889,0.6878772635814889,0.6886317907444668,0.6888832997987927,0.6969315895372233,0.7019617706237424,0.6971830985915493,9
