fit_time,score_time,test_recall-0,train_recall-0,test_recall-1,train_recall-1,test_precision-0,train_precision-0,test_precision-1,train_precision-1,test_f1-0,train_f1-0,test_f1-1,train_f1-1,target_id
8.49227786064148,0.23537111282348633,0.9999724472364578,0.9999880205088888,0.0,0.5434782608695652,0.9988990724685548,0.9994971083731455,0.0,0.9803921568627451,0.9994354716565466,0.9997425041768218,0.0,0.6993006993006993,23
9.038816928863525,0.13763213157653809,1.0,0.9999896999598299,0.0,0.6822429906542056,0.9988990664083143,0.9996499176276771,0.0,0.9864864864864865,0.999449230023573,0.9998197799255433,0.0,0.8066298342541435,23
9.113627672195435,0.12365865707397461,1.0,0.9999795905871788,0.0,0.6111111111111112,0.9988990825688073,0.9995715772079075,0.0,0.9705882352941176,0.9994492381127226,0.9997755422694717,0.0,0.7499999999999999,23
8.223997831344604,0.18151354789733887,1.0,0.9999897952935894,0.0,0.7129629629629629,0.9988990825688073,0.9996837509181425,0.0,0.9871794871794872,0.9994492381127226,0.9998367496862534,0.0,0.8279569892473119,23
4.53985333442688,0.08178091049194336,1.0,0.9999902468521715,0.0,0.672566371681416,0.998899061304902,0.9996392601908997,0.0,0.987012987012987,0.9994492274690553,0.9998147227179203,0.0,0.8,23
