fit_time,score_time,test_recall-0,train_recall-0,test_recall-1,train_recall-1,test_precision-0,train_precision-0,test_precision-1,train_precision-1,test_f1-0,train_f1-0,test_f1-1,train_f1-1,target_id
7.827060699462891,0.1466076374053955,0.99996138996139,0.9999893493519081,0.08333333333333333,0.7931034482758621,0.9991512673122179,0.9998083230395707,0.6666666666666666,0.9857142857142858,0.9995561644892997,0.999898828002279,0.14814814814814814,0.8789808917197452,26
7.745275974273682,0.1406235694885254,0.9999578805492376,0.999947943237306,0.0,0.8314606741573034,0.9990741909691537,0.9998438459696645,0.0,0.9367088607594937,0.9995158404378487,0.9998958918941429,0.0,0.880952380952381,26
7.646541118621826,0.1515958309173584,0.9999597115345876,0.999957881436243,0.43478260869565216,0.7954545454545454,0.9994765030403092,0.9998104943990567,0.9090909090909091,0.9459459459459459,0.9997180488983768,0.9998841824862861,0.5882352941176471,0.8641975308641975,26
8.644871234893799,0.1047203540802002,0.9999578805492376,0.9999687659423836,0.0,0.7415730337078652,0.9990741909691537,0.9997605887435073,0.0,0.9565217391304348,0.9995158404378487,0.9998646665070425,0.0,0.8354430379746837,26
3.6392970085144043,0.06482481956481934,1.0,1.0,0.05,0.7582417582417582,0.9991204925241864,0.9997760335542457,1.0,1.0,0.9995600527936648,0.9998880042354762,0.09523809523809523,0.8624999999999999,26
