fit_time,score_time,test_recall-0,train_recall-0,test_recall-1,train_recall-1,test_precision-0,train_precision-0,test_precision-1,train_precision-1,test_f1-0,train_f1-0,test_f1-1,train_f1-1,target_id
10.271517992019653,0.1545870304107666,1.0,1.0,0.0,0.3973509933774834,0.9984403431245126,0.9990595287308806,0.0,1.0,0.9992195629552549,0.9995295431398601,0.0,0.5687203791469194,16
11.512197494506836,0.12566614151000977,1.0,1.0,0.0,0.20134228187919462,0.9984403857993023,0.998754018030092,0.0,1.0,0.9992195843259674,0.9993766206553341,0.0,0.33519553072625696,16
10.588669776916504,0.15758156776428223,1.0,1.0,0.0,0.39864864864864863,0.9984403743101655,0.999061547708173,0.0,1.0,0.999219578572429,0.9995305535775509,0.0,0.5700483091787439,16
11.518186569213867,0.12566184997558594,1.0,1.0,0.0,0.304635761589404,0.9984403431245126,0.9989149978299957,0.0,1.0,0.9992195629552549,0.9994572044478219,0.0,0.467005076142132,16
4.725389719009399,0.09682345390319824,1.0,1.0,0.0,0.2953020134228188,0.9984403857993023,0.9989004429644057,0.0,1.0,0.9992195843259674,0.9994499190595187,0.0,0.45595854922279794,16
