fit_time,score_time,test_recall-0,train_recall-0,test_recall-1,train_recall-1,test_precision-0,train_precision-0,test_precision-1,train_precision-1,test_f1-0,train_f1-0,test_f1-1,train_f1-1,target_id
9.684086561203003,0.2822458744049072,0.9996353558926487,0.9996284861450954,0.0,0.7473002159827213,0.994101293363955,0.9985028216054359,0.0,0.9226666666666666,0.9968606441134046,0.9990653367988426,0.0,0.8257756563245823,15
10.474974393844604,0.12366914749145508,0.9996781313224204,0.999712664320092,0.0,0.7802768166089965,0.9941015089163238,0.9986980501506981,0.0,0.941544885177453,0.9968820211839149,0.9992050996702445,0.0,0.8533585619678334,15
9.318070650100708,0.11369562149047852,0.9997375465854811,0.9997303882409331,0.0,0.8720538720538721,0.9941019886215355,0.9992414639745292,0.0,0.9504587155963303,0.9969118031928814,0.9994858663152588,0.0,0.9095697980684812,15
10.125909805297852,0.1216742992401123,0.9997900372683849,0.9997004313788145,0.0,0.7744107744107744,0.9941022964509395,0.9986633149788524,0.0,0.9387755102040817,0.9969380544869278,0.99918160405605,0.0,0.848708487084871,15
5.116310358047485,0.06283116340637207,0.999670474516696,0.9995246912968996,0.0,0.8130217028380634,0.9941015838339705,0.9988916487714125,0.0,0.9102803738317757,0.9968782518210199,0.9992080697690533,0.0,0.8589065255731921,15
