fit_time,score_time,test_recall-0,train_recall-0,test_recall-1,train_recall-1,test_precision-0,train_precision-0,test_precision-1,train_precision-1,test_f1-0,train_f1-0,test_f1-1,train_f1-1,target_id
11.87921690940857,0.10073089599609375,0.9999552151910072,0.9999794619018278,0.1388888888888889,0.4713375796178344,0.998613533700076,0.9991483772996378,0.8333333333333334,0.9736842105263158,0.9992839240959541,0.9995637468499956,0.2380952380952381,0.6351931330472104,29
10.027172565460205,0.16855669021606445,0.9999586606035552,0.9999895308786734,0.15384615384615385,0.538961038961039,0.9986376021798365,0.999257236711337,0.8571428571428571,0.9880952380952381,0.9992976947864167,0.9996232496808087,0.2608695652173913,0.6974789915966387,29
10.25157356262207,0.1545858383178711,0.9998790810157194,1.0,0.0,0.5686274509803921,0.9983901477039482,0.9993050071078818,0.0,1.0,0.9991340596491934,0.9996523827581848,0.0,0.725,29
11.041455745697021,0.12566471099853516,0.9999586606035552,0.99996859263602,0.0,0.5324675324675324,0.9983902922238732,0.9992467673766582,0.0,0.9647058823529412,0.9991738609607996,0.9996075496972899,0.0,0.6861924686192469,29
5.322757720947266,0.07878923416137695,0.9999173212071104,0.9999895308786734,0.0,0.538961038961039,0.9983902257811532,0.999257236711337,0.0,0.9880952380952381,0.9991531899952496,0.9996232496808087,0.0,0.6974789915966387,29
