fit_time,score_time,test_recall-0,train_recall-0,test_recall-1,train_recall-1,test_precision-0,train_precision-0,test_precision-1,train_precision-1,test_f1-0,train_f1-0,test_f1-1,train_f1-1,target_id
9.403838157653809,0.15059852600097656,0.9999211915832611,0.9999894074529161,0.0,0.45161290322580644,0.999015786780048,0.9994600660625053,0.0,0.9767441860465116,0.9994682841332047,0.9997246666878461,0.0,0.6176470588235293,21
9.71301007270813,0.13364291191101074,0.9999552212072362,0.9999897385379469,0.0,0.4270833333333333,0.999015792063705,0.9994359321477653,0.0,0.9761904761904762,0.9994852858901198,0.9997127586454518,0.0,0.5942028985507246,21
9.529504776000977,0.16655611991882324,0.9999242223316789,0.999989292330096,0.0,0.5,0.9990157852897755,0.9995076844042982,0.0,0.9787234042553191,0.9994697973868586,0.9997484303660605,0.0,0.6618705035971223,21
9.524514198303223,0.1296534538269043,0.9999061781676596,1.0,0.0,0.38144329896907214,0.9990157480314961,0.9993910298699848,0.0,1.0,0.9994607647762174,0.9996954221955998,0.0,0.5522388059701492,21
3.8347346782684326,0.07579660415649414,0.9999179083035751,0.9999895201265969,0.0,0.43617021276595747,0.9990157883945048,0.999444869230044,0.0,0.9761904761904762,0.9994666447854271,0.9997171204961915,0.0,0.6029411764705882,21
