fit_time,score_time,test_recall-0,train_recall-0,test_recall-1,train_recall-1,test_precision-0,train_precision-0,test_precision-1,train_precision-1,test_f1-0,train_f1-0,test_f1-1,train_f1-1,target_id
7.2483813762664795,0.528541088104248,0.9999588426554719,1.0,0.0,0.7727272727272727,0.9996914024728949,0.9999298501599416,0.0,1.0,0.999825104679993,0.9999649238496776,0.0,0.8717948717948718,75
10.250919103622437,0.16588759422302246,0.9999559024562332,1.0,0.0,0.4666666666666667,0.99969139884495,0.9998353977202584,0.0,1.0,0.9998236331569665,0.999917692086094,0.0,0.6363636363636364,75
9.814158201217651,0.2517538070678711,1.0,1.0,0.0,0.36666666666666664,0.9996914124493035,0.9998045408252492,0.0,1.0,0.9998456824144089,0.9999022608606188,0.0,0.5365853658536585,75
10.345483779907227,0.14908432960510254,0.9999228275968514,1.0,0.0,0.5454545454545454,0.9996913818378211,0.9998597108172312,0.0,1.0,0.9998070913229676,0.9999298504880069,0.0,0.7058823529411764,75
6.180166482925415,0.05285811424255371,0.9999228275968514,1.0,0.0,0.45454545454545453,0.9996913818378211,0.9998316577039982,0.0,1.0,0.9998070913229676,0.9999158217666205,0.0,0.625,75
