fit_time,score_time,test_recall-0,train_recall-0,test_recall-1,train_recall-1,test_precision-0,train_precision-0,test_precision-1,train_precision-1,test_f1-0,train_f1-0,test_f1-1,train_f1-1,target_id
28.304269313812256,0.21841716766357422,0.9983339741125208,0.9987959060806743,0.11944444444444445,0.40865384615384615,0.9866171317600372,0.9909771126760564,0.524390243902439,0.8392101551480959,0.9924409716324104,0.9948711474426752,0.19457013574660634,0.5496535796766745,0
29.405324697494507,0.11668825149536133,0.9985475671750181,0.9989332150363869,0.19166666666666668,0.4141483516483517,0.9877038789825066,0.991061417388844,0.6699029126213593,0.8565340909090909,0.9930961232076473,0.9949817470253438,0.29805615550755943,0.5583333333333333,0
27.750749111175537,0.1685495376586914,0.9981143144485417,0.9987582517883297,0.08174386920980926,0.4064872325741891,0.9860490147375394,0.9909440320117938,0.4,0.8342776203966006,0.9920449812578092,0.9948357973856554,0.13574660633484165,0.5466357308584687,0
29.207854747772217,0.11668968200683594,0.9983612756838522,0.9987591078303477,0.24863387978142076,0.38413793103448274,0.988558352402746,0.9906062295530332,0.7,0.8264094955489614,0.9934356315591422,0.9946659625033007,0.36693548387096775,0.5244821092278719,0
12.814719200134277,0.06984496116638184,0.9983901033723098,0.9988463411020089,0.13774104683195593,0.37715072264280797,0.986892248419113,0.9905014798799303,0.5681818181818182,0.8340943683409436,0.9926078807152033,0.994656408094435,0.22172949002217296,0.519431279620853,0
