fit_time,score_time,test_recall-0,train_recall-0,test_recall-1,train_recall-1,test_precision-0,train_precision-0,test_precision-1,train_precision-1,test_f1-0,train_f1-0,test_f1-1,train_f1-1,target_id
7.647289276123047,0.6452741622924805,1.0,0.9999565607714807,0.0,0.9411764705882353,0.9995079321339999,0.9999710400949885,0.0,0.9142857142857143,0.999753905519407,0.99996380038082,0.0,0.9275362318840579,44
10.720645427703857,0.23279476165771484,1.0,0.9999790505719194,0.0,0.9361702127659575,0.9995079345552959,0.9999685761870345,0.0,0.9565217391304348,0.999753906730651,0.9999738133520482,0.0,0.9462365591397849,44
11.09083604812622,0.12422561645507812,1.0,0.9999806936762137,0.0,0.8431372549019608,0.9995079345552959,0.9999227791774052,0.0,0.9555555555555556,0.999753906730651,0.9999517355882467,0.0,0.8958333333333333,44
11.030951738357544,0.1232750415802002,1.0,0.9999613873524272,0.0,0.9215686274509803,0.9995079345552959,0.9999613873524272,0.0,0.9215686274509803,0.999753906730651,0.9999613873524272,0.0,0.9215686274509803,44
7.437434911727905,0.04487895965576172,1.0,0.9999721334621386,0.0,0.8113207547169812,0.9995079143771016,0.9999071175798556,0.0,0.9347826086956522,0.9997538966365874,0.9999396244641671,0.0,0.8686868686868686,44
