fit_time,score_time,test_recall-0,train_recall-0,test_recall-1,train_recall-1,test_precision-0,train_precision-0,test_precision-1,train_precision-1,test_f1-0,train_f1-0,test_f1-1,train_f1-1,target_id
11.894438028335571,0.1789710521697998,0.999959522363894,0.999957885427305,0.0,0.5780346820809249,0.9981817447169583,0.9992319670061443,0.0,0.9615384615384616,0.9990698426820884,0.9995947944239503,0.0,0.7220216606498195,77
14.442718505859375,0.15757393836975098,1.0,1.0,0.0,0.1864406779661017,0.9981818181818182,0.9985203300486031,0.0,1.0,0.9990900818926297,0.9992596172632574,0.0,0.3142857142857143,77
12.647413730621338,0.20291733741760254,1.0,0.9999789427136525,0.0,0.4277456647398844,0.9981818181818182,0.9989587277546383,0.0,0.9736842105263158,0.9990900818926297,0.9994685748862171,0.0,0.5943775100401607,77
14.054049730300903,0.169968843460083,1.0,0.999957885427305,0.0,0.4393063583815029,0.9981818181818182,0.9989797206327836,0.0,0.95,0.9990900818926297,0.9994685637013223,0.0,0.6007905138339921,77
7.975879669189453,0.08577203750610352,1.0,0.9999793016372405,0.0,0.42045454545454547,0.9981818181818182,0.9989454748464736,0.0,0.9736842105263158,0.9990900818926297,0.9994621208986719,0.0,0.5873015873015873,77
