fit_time,score_time,test_recall-0,train_recall-0,test_recall-1,train_recall-1,test_precision-0,train_precision-0,test_precision-1,train_precision-1,test_f1-0,train_f1-0,test_f1-1,train_f1-1,target_id
11.016932010650635,0.408862829208374,1.0,0.9999870811048239,0.0,0.6129032258064516,0.9995996703167315,0.9998449952852733,0.0,0.95,0.9997997950843805,0.9999160331475297,0.0,0.7450980392156863,73
13.839982986450195,0.16655588150024414,1.0,1.0,0.0,0.5,0.9995996637175227,0.9997997976902976,0.0,1.0,0.9997997917834549,0.9998998888239043,0.0,0.6666666666666666,73
12.015594720840454,0.18202567100524902,1.0,1.0,0.0,0.7317073170731707,0.9995996568487275,0.9998925644857257,0.0,1.0,0.9997997883476819,0.9999462793571104,0.0,0.8450704225352113,73
14.668822765350342,0.10970592498779297,1.0,1.0,0.0,0.5609756097560976,0.9995996568487275,0.9998242084497139,0.0,1.0,0.9997997883476819,0.9999120964985105,0.0,0.71875,73
6.8524065017700195,0.1047205924987793,1.0,1.0,0.0,0.6097560975609756,0.9995996568487275,0.999843737792015,0.0,1.0,0.9997997883476819,0.9999218627910611,0.0,0.7575757575757575,73
