fit_time,score_time,test_recall-0,train_recall-0,test_recall-1,train_recall-1,test_precision-0,train_precision-0,test_precision-1,train_precision-1,test_f1-0,train_f1-0,test_f1-1,train_f1-1,target_id
7.64853572845459,0.23636841773986816,0.9998956376539344,0.9999508895136834,0.0,0.7764705882352941,0.9989573558544469,0.9997667681429834,0.0,0.9428571428571428,0.9994262765347103,0.9998588203519669,0.0,0.8516129032258064,34
7.104991912841797,0.1765294075012207,0.9999021622150475,0.9999887784186547,0.0,0.7204301075268817,0.9989573830314088,0.999708320712595,0.0,0.9852941176470589,0.9994295493439818,0.9998485298985151,0.0,0.8322981366459629,34
8.35863709449768,0.09175491333007812,0.9997544355086254,0.9999613481756339,0.11764705882352941,0.75,0.999079754601227,0.9997391581571041,0.3333333333333333,0.9529411764705882,0.9994169811899721,0.9998502408224195,0.1739130434782609,0.8393782383419688,34
7.957709312438965,0.09175491333007812,0.9998158266314691,0.9999903370439085,0.0,0.7222222222222222,0.9989572471324296,0.9997101925287634,0.0,0.9873417721518988,0.999386352479136,0.9998502451631605,0.0,0.8342245989304813,34
4.220743417739868,0.053845882415771484,0.9996704383170384,0.9999606186805289,0.0,0.7169811320754716,0.9989571326637027,0.999704715690424,0.0,0.95,0.9993136582017845,0.9998326508111512,0.0,0.8172043010752688,34
