fit_time,score_time,test_recall-0,train_recall-0,test_recall-1,train_recall-1,test_precision-0,train_precision-0,test_precision-1,train_precision-1,test_f1-0,train_f1-0,test_f1-1,train_f1-1,target_id
12.769832372665405,0.13265013694763184,1.0,0.9999896327935475,0.0,0.22459893048128343,0.9980650986799673,0.9984989958800025,0.0,0.9767441860465116,0.9990316124728313,0.9992437584170725,0.0,0.3652173913043478,25
12.582335233688354,0.15259242057800293,0.9999587509796642,1.0,0.0,0.1783783783783784,0.9980649676808432,0.9984096925056759,0.0,1.0,0.999010961839611,0.9992042134802047,0.0,0.30275229357798167,25
12.723956823348999,0.14761066436767578,1.0,0.9999685623565657,0.0,0.24324324324324326,0.9980650473445862,0.9985350131848814,0.0,0.9375,0.9990315867554035,0.9992512736202229,0.0,0.3862660944206009,25
11.623900413513184,0.17553043365478516,1.0,0.9999685623565657,0.0,0.42162162162162165,0.9980650473445862,0.998879944729983,0.0,0.9629629629629629,0.9990315867554035,0.9994239571005142,0.0,0.5864661654135338,25
5.590043544769287,0.06984519958496094,1.0,0.9999687314342891,0.0,0.2903225806451613,0.9980650317587179,0.9986260304771422,0.0,0.9473684210526315,0.9990315789473684,0.9992969299273495,0.0,0.4444444444444444,25
