fit_time,score_time,test_recall-0,train_recall-0,test_recall-1,train_recall-1,test_precision-0,train_precision-0,test_precision-1,train_precision-1,test_f1-0,train_f1-0,test_f1-1,train_f1-1,target_id
8.258893489837646,0.17253971099853516,0.9999625215501087,0.999957010048901,0.0,0.7205882352941176,0.9985404191616767,0.9995917446470203,0.0,0.9607843137254902,0.9992509643833564,0.99977434398573,0.0,0.823529411764706,22
8.841344594955444,0.1575777530670166,0.9999604946075139,1.0,0.0,0.5942028985507246,0.998540376346207,0.9994072192230338,0.0,1.0,0.9992499309146895,0.9997035217382098,0.0,0.7454545454545455,22
8.424462795257568,0.16755270957946777,0.9999164752557945,0.9999582384999269,0.0,0.7928571428571428,0.9985403286345818,0.9996973081298861,0.0,0.9652173913043478,0.9992279281347161,0.99982775629081,0.0,0.8705882352941176,22
9.29413366317749,0.1077127456665039,0.9999543232996848,0.9999795572091502,0.0,0.6293706293706294,0.9985404123335158,0.9994585482964703,0.0,0.9782608695652174,0.9992468676541069,0.9997189848711673,0.0,0.7659574468085106,22
4.502984285354614,0.07875728607177734,0.9999543232996848,0.9999795572091502,0.4375,0.5594405594405595,0.9991784573254222,0.9993564533428674,0.9333333333333333,0.975609756097561,0.9995662397552679,0.9996679081791662,0.5957446808510638,0.711111111111111,22
