fit_time,score_time,test_recall-0,train_recall-0,test_recall-1,train_recall-1,test_precision-0,train_precision-0,test_precision-1,train_precision-1,test_f1-0,train_f1-0,test_f1-1,train_f1-1,target_id
14.597931385040283,0.11369442939758301,0.9998256244823227,0.9998861813854829,0.0,0.45136186770428016,0.9973473647590886,0.9985430121415655,0.0,0.9133858267716536,0.9985849570044628,0.9992141453831042,0.0,0.6041666666666666,2
13.130868434906006,0.16256403923034668,0.9998388331520206,0.9999472379042895,0.045454545454545456,0.36904761904761907,0.9974676420934159,0.9983248875356884,0.42857142857142855,0.9489795918367347,0.9986518300903475,0.9991354041458425,0.0821917808219178,0.5314285714285715,2
12.959328413009644,0.1795206069946289,0.9998363539663707,0.9999369357059522,0.015384615384615385,0.4743083003952569,0.9973880749296005,0.9986039383633539,0.2,0.9523809523809523,0.998610713847914,0.9992699924898508,0.028571428571428574,0.633245382585752,2
13.681395292282104,0.1515955924987793,0.9999597082880052,0.9999155806468633,0.15151515151515152,0.4166666666666667,0.9977486532121894,0.9984510663407232,0.9090909090909091,0.9292035398230089,0.9988529571569437,0.9991827868549946,0.25974025974025977,0.5753424657534246,2
6.821746587753296,0.06781888008117676,0.999822718610114,0.9999381577184321,0.3333333333333333,0.3023255813953488,0.9982300101774415,0.9981480528833788,0.8333333333333334,0.9285714285714286,0.9990257295956778,0.9990423034147548,0.47619047619047616,0.456140350877193,2
