fit_time,score_time,test_recall-0,train_recall-0,test_recall-1,train_recall-1,test_precision-0,train_precision-0,test_precision-1,train_precision-1,test_f1-0,train_f1-0,test_f1-1,train_f1-1,target_id
9.928438663482666,0.12466549873352051,1.0,0.9999896540307897,0.3877551020408163,0.5145631067961165,0.9986968420138135,0.9989664616815669,1.0,0.9906542056074766,0.9993479961749109,0.9994777959888528,0.5588235294117647,0.6773162939297124,11
9.905498027801514,0.13364315032958984,1.0,1.0,0.0,0.5665024630541872,0.9978732106339468,0.9990769585785162,0.0,1.0,0.9989354733049459,0.9995382661895417,0.0,0.7232704402515723,11
9.017870426177979,0.14461350440979004,0.9999147485080989,1.0,0.0,0.6048780487804878,0.9978730644886847,0.9991585989113724,0.0,1.0,0.9988928632260262,0.9995791223922474,0.0,0.7537993920972643,11
9.815739393234253,0.11568999290466309,0.9999565047192379,0.9999793080615792,0.0,0.5922330097087378,0.9978731715786275,0.9991316752465422,0.0,0.9838709677419355,0.998913751900934,0.9995553119538351,0.0,0.7393939393939394,11
4.696433782577515,0.08676910400390625,1.0,0.9999893436770708,0.09090909090909091,0.62,0.9980662128712872,0.9991907662166191,1.0,0.992,0.9990321706476715,0.9995898954499699,0.16666666666666669,0.7630769230769231,11
