fit_time,score_time,test_recall-0,train_recall-0,test_recall-1,train_recall-1,test_precision-0,train_precision-0,test_precision-1,train_precision-1,test_f1-0,train_f1-0,test_f1-1,train_f1-1,target_id
12.03374719619751,0.2897496223449707,0.9999673394735124,0.9999887884835302,0.0,0.7611940298507462,0.9992493472584857,0.9998206458989564,0.0,0.9807692307692307,0.9996082144372981,0.9999047101225876,0.0,0.8571428571428572,50
12.591897249221802,0.20175743103027344,1.0,1.0,0.0,0.7945205479452054,0.9992493818438715,0.9998456726614264,0.0,1.0,0.9996245500121469,0.9999228303760219,0.0,0.8854961832061068,50
12.795233488082886,0.1545867919921875,1.0,0.9999804889469884,0.0,0.8051948051948052,0.9992493792944165,0.9998536856582683,0.0,0.96875,0.999624548736462,0.9999170832825265,0.0,0.8794326241134752,50
12.27715539932251,0.23093056678771973,0.999924882629108,0.9999785377788747,0.15,0.8428571428571429,0.9993618618618618,0.9998819691832267,0.6,0.9672131147540983,0.9996432929691166,0.9999302511495147,0.24,0.9007633587786259,50
4.541825771331787,0.07678532600402832,0.9999558128231187,0.999979419845443,0.0,0.9726027397260274,0.999249348699607,0.999979419845443,0.0,0.9726027397260274,0.9996024559388665,0.999979419845443,0.0,0.9726027397260274,50
