fit_time,score_time,test_recall-0,train_recall-0,test_recall-1,train_recall-1,test_precision-0,train_precision-0,test_precision-1,train_precision-1,test_f1-0,train_f1-0,test_f1-1,train_f1-1,target_id
11.418949127197266,0.33742380142211914,0.9997725319718951,0.999786972757575,0.0,0.7198879551820728,0.9955453767554235,0.9987482005382737,0.0,0.9379562043795621,0.99765447667087,0.9992673166882714,0.0,0.814580031695721,42
14.420756578445435,0.2694528102874756,0.9996638307775852,0.9998760796559971,0.0,0.6260387811634349,0.9955447966830625,0.9983296627155972,0.0,0.9576271186440678,0.9976000619338856,0.9991022727976274,0.0,0.7571189279731994,42
13.100687742233276,0.1685492992401123,0.9999278447218414,0.999886265626629,0.1935483870967742,0.8241525423728814,0.9964049467932126,0.9992138662625497,0.9230769230769231,0.970074812967581,0.998163287355494,0.9995499528634842,0.31999999999999995,0.8911798396334479,42
14.360144138336182,0.11248111724853516,0.9998556894436829,0.9998578320332863,0.0,0.8389830508474576,0.9955456570155902,0.9992800985128351,0.0,0.9635036496350365,0.9976960184318526,0.9995688817930728,0.0,0.8969422423556059,42
7.223300457000732,0.05586051940917969,0.9999254399045631,0.99985843180188,0.0,0.8185654008438819,0.9955459876772326,0.9991888858498307,0.0,0.9627791563275434,0.9977309080087788,0.9995235466994995,0.0,0.8848346636259976,42
