fit_time,score_time,test_recall-0,train_recall-0,test_recall-1,train_recall-1,test_precision-0,train_precision-0,test_precision-1,train_precision-1,test_f1-0,train_f1-0,test_f1-1,train_f1-1,target_id
8.359556198120117,0.5909857749938965,0.9998733673432468,0.9999689445816059,0.0,0.85,0.9981399212626865,0.9997205706568142,0.0,0.9807692307692307,0.9990058923471785,0.9998447421944139,0.0,0.9107142857142857,53
10.398067951202393,0.32183074951171875,0.999879786019114,0.9998958393611481,0.0,0.8944099378881988,0.9981399255970239,0.9998032703412681,0.0,0.9411764705882353,0.9990090982794343,0.99984955270863,0.0,0.9171974522292994,53
10.964269399642944,0.13200139999389648,0.9998038446449589,0.999853858589918,0.0,0.9754901960784313,0.998139625966905,0.9999543262204034,0.0,0.9255813953488372,0.9989710421872704,0.9999040898814825,0.0,0.9498806682577566,53
12.130423545837402,0.11496758460998535,0.9998038446449589,0.9998721262661783,0.0,0.8725490196078431,0.998139625966905,0.999762546234988,0.0,0.9270833333333334,0.9989710421872704,0.9998173332480889,0.0,0.898989898989899,53
6.953182935714722,0.08078408241271973,0.9997204882139197,0.9998714959704808,0.0,0.8916256157635468,0.998139534883721,0.9997980799236375,0.0,0.9282051282051282,0.9989293860261603,0.9998347865993575,0.0,0.9095477386934674,53
