fit_time,score_time,test_recall-0,train_recall-0,test_recall-1,train_recall-1,test_precision-0,train_precision-0,test_precision-1,train_precision-1,test_f1-0,train_f1-0,test_f1-1,train_f1-1,target_id
13.398236513137817,0.31442880630493164,1.0,1.0,0.0,0.021739130434782608,0.9994829034968651,0.9994941489899841,0.0,1.0,0.9997413848839465,0.9997470105074968,0.0,0.042553191489361694,47
17.189882040023804,0.16393637657165527,1.0,1.0,0.0,0.0392156862745098,0.9994829126122314,0.9995031786427652,0.0,1.0,0.9997413894439873,0.9997515275981845,0.0,0.07547169811320754,47
17.668569087982178,0.15457558631896973,1.0,1.0,0.0,0.019230769230769232,0.9994829101814985,0.9994928501819773,0.0,1.0,0.9997413882279921,0.9997463607744451,0.0,0.03773584905660378,47
14.986722230911255,0.28881025314331055,1.0,1.0,0.0,0.0,0.9994828957836118,0.9994829150925476,0.0,0.0,0.9997413810253248,0.999741390684787,0.0,0.0,47
7.657113790512085,0.08573222160339355,1.0,1.0,0.0,0.08,0.9994829146378248,0.9995242576868582,0.0,1.0,0.9997413904573079,0.9997620722472793,0.0,0.14814814814814814,47
