fit_time,score_time,test_recall-0,train_recall-0,test_recall-1,train_recall-1,test_precision-0,train_precision-0,test_precision-1,train_precision-1,test_f1-0,train_f1-0,test_f1-1,train_f1-1,target_id
8.427235841751099,0.48296666145324707,0.9999788748758899,1.0,0.0,0.5510204081632653,0.9993244384394528,0.9996965768350206,0.0,1.0,0.9996515495485983,0.9998482653976136,0.0,0.7105263157894737,41
13.628206253051758,0.2118363380432129,0.9999385447394297,0.9999806854725782,0.45454545454545453,0.7,0.9996313817042453,0.9997972346670786,0.8333333333333334,0.9607843137254902,0.9997849396294817,0.9998889516553446,0.5882352941176471,0.8099173553719008,41
13.081784963607788,0.19805407524108887,0.9999517118161186,1.0,0.0,0.7611940298507462,0.9993243895376894,0.999838592526834,0.0,1.0,0.9996379522579711,0.9999192897497983,0.0,0.864406779661017,41
14.908643960952759,0.10423684120178223,0.9999323958896701,1.0,0.0,0.6056338028169014,0.9993243699750017,0.9997334780166957,0.0,1.0,0.9996282904740986,0.9998667212474892,0.0,0.7543859649122806,41
7.364530563354492,0.09574460983276367,0.9999517118161186,1.0,0.0,0.8208955223880597,0.9993243895376894,0.9998789395101085,0.0,1.0,0.9996379522579711,0.9999394660909219,0.0,0.9016393442622952,41
