fit_time,score_time,test_recall-0,train_recall-0,test_recall-1,train_recall-1,test_precision-0,train_precision-0,test_precision-1,train_precision-1,test_f1-0,train_f1-0,test_f1-1,train_f1-1,target_id
14.717957735061646,0.35991644859313965,1.0,1.0,0.0,0.2,0.9993828163066428,0.9995062060916212,0.0,1.0,0.9996913128949976,0.9997530420726505,0.0,0.33333333333333337,55
15.713890314102173,0.2430422306060791,1.0,1.0,0.0,0.39344262295081966,0.9993828332700342,0.9996255591312971,0.0,1.0,0.9996913213819305,0.9998127445075939,0.0,0.5647058823529412,55
14.378748655319214,0.2953181266784668,1.0,0.9999897074867741,0.0,0.4666666666666667,0.999382824898607,0.9996707446315941,0.0,0.9655172413793104,0.9996913171936324,0.9998302006205395,0.0,0.6292134831460675,55
14.869987964630127,0.24590158462524414,1.0,1.0,0.0,0.38333333333333336,0.999382824898607,0.9996193219815834,0.0,1.0,0.9996913171936324,0.9998096247549562,0.0,0.5542168674698795,55
8.000308990478516,0.14447426795959473,1.0,1.0,0.0,0.4,0.999382824898607,0.9996296067658498,0.0,1.0,0.9996913171936324,0.999814769078785,0.0,0.5714285714285715,55
