fit_time,score_time,test_recall-0,train_recall-0,test_recall-1,train_recall-1,test_precision-0,train_precision-0,test_precision-1,train_precision-1,test_f1-0,train_f1-0,test_f1-1,train_f1-1,target_id
6.292163848876953,0.17054414749145508,0.9999651470793253,1.0,0.0,0.7962962962962963,0.999407830569876,0.9998793198025233,0.0,1.0,0.9996864111498258,0.9999396562601144,0.0,0.8865979381443299,32
7.705385208129883,0.13164687156677246,0.9999629684491187,1.0,0.0,0.4727272727272727,0.9994078241237647,0.999687688463858,0.0,1.0,0.9996853192158895,0.9998438198434967,0.0,0.6419753086419753,32
7.31143856048584,0.11170506477355957,0.9999506245988249,1.0,0.0,0.423728813559322,0.9994078168180024,0.9996586756615669,0.0,1.0,0.9996791470247057,0.9998293087002359,0.0,0.5952380952380952,32
6.881585359573364,0.09973430633544922,0.999940747763228,1.0,0.0,0.7049180327868853,0.9994077934383513,0.9998251951986948,0.0,1.0,0.9996741995675739,0.9999125899594999,0.0,0.8269230769230769,32
3.7958433628082275,0.0877692699432373,0.9999629684491187,1.0,0.0,0.5818181818181818,0.9994078241237647,0.9997522886375875,0.0,1.0,0.9996853192158895,0.9998761289766637,0.0,0.735632183908046,32
