fit_time,score_time,test_recall-0,train_recall-0,test_recall-1,train_recall-1,test_precision-0,train_precision-0,test_precision-1,train_precision-1,test_f1-0,train_f1-0,test_f1-1,train_f1-1,target_id
15.521470308303833,0.14960098266601562,0.9994158634789502,0.9996843965662346,0.13559322033898305,0.6054131054131054,0.9936530324400564,0.9970934807928397,0.631578947368421,0.9340659340659341,0.9965261165311089,0.9983872577603371,0.22325581395348837,0.7346585998271392,4
14.078332424163818,0.13065099716186523,0.9994057977165655,0.9996543127108168,0.21264367816091953,0.6,0.9942155041378146,0.9970536301992456,0.7254901960784313,0.9276315789473685,0.9968038945920203,0.9983522777798121,0.3288888888888889,0.7286821705426356,4
16.387152671813965,0.09474778175354004,0.9994450373532551,0.9996443440239335,0.028901734104046242,0.5637393767705382,0.9928753180661578,0.9967873831775701,0.2777777777777778,0.9212962962962963,0.9961493458142751,0.9982138193972946,0.052356020942408384,0.6994727592267135,4
15.424733638763428,0.15059590339660645,0.9995410355906037,0.9996107557650227,0.15819209039548024,0.6111111111111112,0.9938187098112424,0.997135121521219,0.717948717948718,0.9206008583690987,0.9966716591778998,0.9983714039548616,0.2592592592592593,0.7345890410958904,4
6.544478178024292,0.06981348991394043,0.9996680773379802,0.9995996670915814,0.10112359550561797,0.6633380884450785,0.993403149995877,0.9975188973811752,0.6923076923076923,0.9244532803180915,0.9965257672264043,0.9985581982740477,0.17647058823529413,0.7724252491694353,4
