fit_time,score_time,test_recall-0,train_recall-0,test_recall-1,train_recall-1,test_precision-0,train_precision-0,test_precision-1,train_precision-1,test_f1-0,train_f1-0,test_f1-1,train_f1-1,target_id
14.762501001358032,0.1326456069946289,0.9997452445652174,0.9998854405332223,0.0,0.2792452830188679,0.9972470458684511,0.998014553014553,0.0,0.8705882352941177,0.99849458261773,0.9989491207990844,0.0,0.4228571428571429,7
15.831643342971802,0.11269736289978027,0.9999176141044653,0.9999685191403627,0.0,0.20912547528517111,0.9972474425865823,0.9978220123349494,0.0,0.9482758620689655,0.9985807433613756,0.9988941125908689,0.0,0.3426791277258567,7
13.316372394561768,0.13463950157165527,0.9998327339633687,0.9998850070041189,0.0,0.3712121212121212,0.9972472472472472,0.9982674584868442,0.0,0.8990825688073395,0.9985383169764043,0.9990755780248706,0.0,0.5254691689008043,7
14.754526853561401,0.16156721115112305,0.9998327339633687,0.9999268226389847,0.0,0.22727272727272727,0.9972472472472472,0.9978717855093631,0.0,0.8955223880597015,0.9985383169764043,0.9988982471163838,0.0,0.36253776435045315,7
7.823094129562378,0.07779359817504883,0.9997491009450531,0.9999163687302682,0.0,0.1856060606060606,0.9972470176024026,0.9977572628175038,0.0,0.8596491228070176,0.9984964918142333,0.9988356489821065,0.0,0.3052959501557633,7
