fit_time,score_time,test_recall-0,train_recall-0,test_recall-1,train_recall-1,test_precision-0,train_precision-0,test_precision-1,train_precision-1,test_f1-0,train_f1-0,test_f1-1,train_f1-1,target_id
11.957010269165039,0.13464021682739258,0.9998768169499876,0.9999579721565537,0.18421052631578946,0.4612794612794613,0.9974603694752796,0.9983216372428696,0.8235294117647058,0.9716312056737588,0.9986671314618493,0.9991391347254155,0.3010752688172043,0.6255707762557078,5
11.403491497039795,0.12666010856628418,0.9999145043389048,0.9999687942082051,0.0,0.46,0.9968888510057962,0.9983176696609377,0.0,0.9787234042553191,0.9983993853639798,0.9991425497970701,0.0,0.6258503401360545,5
11.34961986541748,0.13364505767822266,0.9999578290389238,0.9999686899891459,0.0,0.5083612040133779,0.996888926259144,0.9984681117132138,0.0,0.9806451612903225,0.9984210193898819,0.9992178374770566,0.0,0.6696035242290749,5
11.898169040679932,0.12666034698486328,0.9999167845552135,0.9999790564951044,0.30666666666666664,0.41946308724832215,0.9978408902175718,0.9981916250287458,0.92,0.984251968503937,0.9988777588428447,0.9990845413028808,0.4600000000000001,0.5882352941176471,5
5.51727032661438,0.07377004623413086,0.9998751768328201,0.9999685847426567,0.0,0.5,0.9968887413921845,0.998442090735145,0.0,0.9802631578947368,0.9983797257997508,0.9992047547296167,0.0,0.6622222222222223,5
