fit_time,score_time,test_recall-0,train_recall-0,test_recall-1,train_recall-1,test_precision-0,train_precision-0,test_precision-1,train_precision-1,test_f1-0,train_f1-0,test_f1-1,train_f1-1,target_id
11.760797500610352,0.2634553909301758,0.9999666232769266,1.0,0.0,0.6190476190476191,0.9995329285380663,0.9998220264513187,0.0,1.0,0.9997497288729457,0.9999110053063086,0.0,0.7647058823529412,46
11.514237403869629,0.21470046043395996,0.9999666232769266,1.0,0.0,0.5238095238095238,0.9995329285380663,0.9997775429620155,0.0,1.0,0.9997497288729457,0.999888759107848,0.0,0.6875000000000001,46
11.325692176818848,0.2615053653717041,0.9999640559289745,1.0,0.07692307692307693,0.627906976744186,0.9995688416211556,0.9998261644267229,0.5,1.0,0.9997664097173559,0.999913074658003,0.13333333333333336,0.7714285714285715,46
12.022691249847412,0.1608278751373291,1.0,1.0,0.0,0.5833333333333334,0.9995329558059431,0.9998053452202519,0.0,1.0,0.9997664233576642,0.9999026631365832,0.0,0.7368421052631579,46
4.970102787017822,0.09075760841369629,1.0,1.0,0.0,0.7346938775510204,0.9995329285380663,0.999876047635847,0.0,1.0,0.9997664097173558,0.9999380199766383,0.0,0.8470588235294119,46
