fit_time,score_time,test_recall-0,train_recall-0,test_recall-1,train_recall-1,test_precision-0,train_precision-0,test_precision-1,train_precision-1,test_f1-0,train_f1-0,test_f1-1,train_f1-1,target_id
13.417781591415405,0.24681830406188965,0.9999355192313892,1.0,0.0,0.42168674698795183,0.9990658420306662,0.9994595872597697,0.0,1.0,0.9995004914519586,0.9997297205986689,0.0,0.5932203389830509,64
14.729737520217896,0.15259099006652832,1.0,1.0,0.0,0.4175824175824176,0.9990658778524087,0.9994557571650082,0.0,1.0,0.9995327206782225,0.9997278045122822,0.0,0.5891472868217055,64
14.03080940246582,0.17501020431518555,0.9998300042498938,1.0,0.0,0.6444444444444445,0.9990657380669271,0.9996676774809953,0.0,1.0,0.9994477250520413,0.9998338111263451,0.0,0.7837837837837839,64
12.52693486213684,0.21391606330871582,0.9998441720340744,0.9999801070242097,0.0,0.7340425531914894,0.9990657601079566,0.9997513946758684,0.0,0.971830985915493,0.9994548145071264,0.9998657377709486,0.0,0.8363636363636363,64
6.490327596664429,0.08676648139953613,0.9998725031874203,1.0,0.045454545454545456,0.5444444444444444,0.9991082045184304,0.9995742515654044,0.25,1.0,0.9994902077403457,0.9997870804576212,0.07692307692307693,0.7050359712230216,64
