fit_time,score_time,test_recall-0,train_recall-0,test_recall-1,train_recall-1,test_precision-0,train_precision-0,test_precision-1,train_precision-1,test_f1-0,train_f1-0,test_f1-1,train_f1-1,target_id
14.446874856948853,0.2139742374420166,0.9997631935047361,0.9998778958118264,0.0,0.4895833333333333,0.9978727714748784,0.9989132122341251,0.0,0.8952380952380953,0.9988170880086522,0.9993953212286629,0.0,0.632996632996633,52
13.335749626159668,0.22100543975830078,0.9997868712702472,0.9999453522050386,0.0,0.8256410256410256,0.9978727930227611,0.9996285127398278,0.0,0.9698795180722891,0.9988289151495795,0.9997869073702731,0.0,0.8919667590027701,52
15.259293794631958,0.20327281951904297,0.9998130421776847,0.9998708330193858,0.0,0.5353535353535354,0.9978728168383341,0.9990105718249572,0.0,0.8983050847457628,0.9988419872992155,0.999440517306306,0.0,0.6708860759493672,52
14.09079122543335,0.08976030349731445,0.9997868712702472,0.9999242216138902,0.0,0.8266666666666667,0.9978727930227611,0.9996306888127119,0.0,0.9587628865979382,0.9988289151495795,0.99977743366813,0.0,0.8878281622911695,52
6.224591970443726,0.14261984825134277,1.0,1.0,0.0,0.5476190476190477,0.9978732454274777,0.9990367846858904,0.0,1.0,0.9989354907387694,0.9995181602852492,0.0,0.7076923076923077,52
