fit_time,score_time,test_recall-0,train_recall-0,test_recall-1,train_recall-1,test_precision-0,train_precision-0,test_precision-1,train_precision-1,test_f1-0,train_f1-0,test_f1-1,train_f1-1,target_id
12.04367208480835,0.47977447509765625,0.9998604448320977,0.9999357016556824,0.0,0.4973821989528796,0.9969387577618145,0.998459118487368,0.0,0.9595959595959596,0.9983974638122943,0.9991968645592393,0.0,0.6551724137931034,38
17.68271827697754,0.1580212116241455,0.9996229464045246,0.9999504803406952,0.0,0.6451612903225806,0.9969379532634972,0.9989116992332426,0.0,0.975609756097561,0.9982786444324905,0.9994308198668613,0.0,0.7766990291262136,38
16.366151094436646,0.20085787773132324,0.9997270928566555,0.9999141860065981,0.0,0.7484472049689441,0.9969383589604027,0.9992282039066221,0.0,0.964,0.9983307784023165,0.9995710772632822,0.0,0.8426573426573427,38
16.613657236099243,0.10296058654785156,0.9998693493598119,0.999913650013912,0.0,0.7,0.9969387090470918,0.999079701669958,0.0,0.9613733905579399,0.9984018786080037,0.9994965018869191,0.0,0.810126582278481,38
9.25126051902771,0.06479501724243164,0.9999268952408802,0.9999811064087062,0.0,0.7446153846153846,0.996938775510204,0.9992165154761793,0.0,0.9918032786885246,0.9984305996569218,0.999598664733962,0.0,0.8506151142355008,38
