fit_time,score_time,test_recall-0,train_recall-0,test_recall-1,train_recall-1,test_precision-0,train_precision-0,test_precision-1,train_precision-1,test_f1-0,train_f1-0,test_f1-1,train_f1-1,target_id
11.868245601654053,0.17154216766357422,0.9998771498771499,0.9999684999685,0.0,0.31794871794871793,0.9979564311112927,0.9986054022313564,0.0,0.9538461538461539,0.9989158672039602,0.999286486259614,0.0,0.47692307692307695,17
12.355941772460938,0.15059852600097656,0.9999564346083472,0.9999896590591812,0.02127659574468085,0.30808080808080807,0.9979999130396974,0.9985852807236754,0.5,0.9838709677419355,0.9989772158509782,0.9992869764702237,0.04081632653061224,0.46923076923076923,17
11.438395500183105,0.15059757232666016,0.9998293733737149,0.9999168520173779,0.041666666666666664,0.27918781725888325,0.9980413029593358,0.9985261759455308,0.3333333333333333,0.873015873015873,0.9989345380156837,0.9992210301097828,0.07407407407407407,0.4230769230769231,17
12.94636344909668,0.0997319221496582,0.9998720300302862,0.9999688195065167,0.20833333333333334,0.28426395939086296,0.9983814634977426,0.9985366157422784,0.7692307692307693,0.9491525423728814,0.9991261908313975,0.9992522044389976,0.32786885245901637,0.43750000000000006,17
5.121298551559448,0.0857691764831543,0.9998818711608127,0.9999681734757747,0.0,0.44041450777202074,0.9979563764983297,0.9988555199966089,0.0,0.9659090909090909,0.9989181959442183,0.9994115370546104,0.0,0.604982206405694,17
