fit_time,score_time,test_recall-0,train_recall-0,test_recall-1,train_recall-1,test_precision-0,train_precision-0,test_precision-1,train_precision-1,test_f1-0,train_f1-0,test_f1-1,train_f1-1,target_id
10.09711503982544,0.5657916069030762,0.9998875317722743,0.9998803748255466,0.0,0.7651515151515151,0.9982483718841231,0.999588078185418,0.0,0.9181818181818182,0.9990672794902627,0.9997342051404725,0.0,0.8347107438016529,63
10.671013116836548,0.4018373489379883,0.9999707585238903,0.9999883034095561,0.0,0.7866666666666666,0.9982485331465102,0.99962584477235,0.0,0.9915966386554622,0.9991089036593382,0.9998070412405495,0.0,0.8773234200743494,63
11.759791374206543,0.20589590072631836,0.9997711495918834,0.9999624705628477,0.0,0.8770053475935828,0.9982481529438647,0.999784244198045,0.0,0.9761904761904762,0.9990090708133241,0.9998733494382812,0.0,0.9239436619718309,63
10.44911813735962,0.27103233337402344,0.9999298196364658,0.9999715486092012,0.0,0.918918918918919,0.9982484411125903,0.9998577592337964,0.0,0.9826589595375722,0.9990884229717413,0.999914650684217,0.0,0.9497206703910615,63
5.842979907989502,0.0548555850982666,0.9997075809635207,0.9999622687783574,0.0,0.8763440860215054,0.9982480473027229,0.9997830843518938,0.0,0.9760479041916168,0.9989772810285632,0.9998726685373388,0.0,0.9235127478753542,63
