fit_time,score_time,test_recall-0,train_recall-0,test_recall-1,train_recall-1,test_precision-0,train_precision-0,test_precision-1,train_precision-1,test_f1-0,train_f1-0,test_f1-1,train_f1-1,target_id
11.860338687896729,0.2664048671722412,1.0,1.0,0.0,0.3333333333333333,0.9994495412844037,0.9996329685958755,0.0,1.0,0.9997246948701477,0.9998164506137432,0.0,0.5,74
11.144104480743408,0.32413673400878906,1.0,1.0,0.0,0.06,0.9994495475969313,0.9994825612119077,0.0,1.0,0.9997246980281497,0.999741213652907,0.0,0.11320754716981131,74
12.040977239608765,0.20754361152648926,1.0,0.9999796018276762,0.0,0.3333333333333333,0.9994495412844037,0.9996329601761791,0.0,0.9,0.9997246948701477,0.9998062509559985,0.0,0.48648648648648646,74
11.4566330909729,0.2147514820098877,1.0,0.9999699591444364,0.0,0.4,0.9994495321022869,0.9996696498288186,0.0,0.88,0.9997246902765611,0.9998197819361426,0.0,0.55,74
5.686748504638672,0.06981301307678223,1.0,0.9999806753949466,0.0,0.3333333333333333,0.9994495412844037,0.9996329601761791,0.0,0.9047619047619048,0.9997246948701477,0.9998067875532541,0.0,0.4871794871794871,74
