fit_time,score_time,test_recall-0,train_recall-0,test_recall-1,train_recall-1,test_precision-0,train_precision-0,test_precision-1,train_precision-1,test_f1-0,train_f1-0,test_f1-1,train_f1-1,target_id
17.14013910293579,0.12366914749145508,0.999957153262779,0.9999896082302816,0.0,0.21641791044776118,0.9972225783019271,0.9978224577193874,0.0,0.9830508474576272,0.9985879936673654,0.9989048575536282,0.0,0.35474006116207946,27
16.54474139213562,0.1446089744567871,0.9995780234618955,0.9999374159026192,0.0,0.1348314606741573,0.9972215205860065,0.9975961538461539,0.0,0.8571428571428571,0.9983983815223806,0.9987654128053259,0.0,0.23300970873786406,27
12.589317560195923,0.1615760326385498,0.9995292825481504,0.9999043326672052,0.0,0.2900763358778626,0.997221352536005,0.9980265880131136,0.0,0.8941176470588236,0.9983739837398372,0.9989645779460413,0.0,0.4380403458213256,27
15.389825582504272,0.15059995651245117,0.9999143065255581,0.9999688246908448,0.0,0.08208955223880597,0.997222459618836,0.9974500637484063,0.0,0.88,0.9985665689651485,0.9987078561309372,0.0,0.15017064846416384,27
7.8659563064575195,0.06582093238830566,0.9999156046923791,0.9999791386342064,0.0,0.2808988764044944,0.9972224560222204,0.9980012700263374,0.0,0.974025974025974,0.9985672144964179,0.9989892253506452,0.0,0.43604651162790703,27
