fit_time,score_time,test_recall-0,train_recall-0,test_recall-1,train_recall-1,test_precision-0,train_precision-0,test_precision-1,train_precision-1,test_f1-0,train_f1-0,test_f1-1,train_f1-1,target_id
11.802429437637329,0.15358257293701172,0.9996655658208269,0.9998954915034592,0.0,0.423728813559322,0.997538795261138,0.9985805535841022,0.0,0.9090909090909091,0.9986010481698787,0.9992375899487201,0.0,0.5780346820809249,6
12.567370653152466,0.13364243507385254,0.9996971008221549,0.9999274588847322,0.0,0.4957983193277311,0.9975388601036269,0.9987578925577062,0.0,0.944,0.998616814350551,0.9993423335249371,0.0,0.650137741046832,6
13.287450075149536,0.13862943649291992,0.9998766802318412,0.9999580184718724,0.0,0.3148936170212766,0.9975393700787402,0.9983130232509404,0.0,0.9487179487179487,0.9987066576337994,0.999134843773759,0.0,0.47284345047923326,6
13.737246990203857,0.1156914234161377,0.9997909786380168,0.9999477457517296,0.0,0.3432203389830508,0.9975391032325339,0.998382653700071,0.0,0.9418604651162791,0.9986637715049275,0.999164586835977,0.0,0.5031055900621118,6
6.460747241973877,0.06981277465820312,0.9997122538742961,0.9999160369437448,0.08333333333333333,0.2680851063829787,0.9977435897435898,0.9981978961485268,0.4166666666666667,0.8873239436619719,0.9987269516652294,0.9990562278475703,0.1388888888888889,0.411764705882353,6
