fit_time,score_time,test_recall-0,train_recall-0,test_recall-1,train_recall-1,test_precision-0,train_precision-0,test_precision-1,train_precision-1,test_f1-0,train_f1-0,test_f1-1,train_f1-1,target_id
10.582686185836792,0.13663434982299805,0.9999107342111135,0.9999691757598175,0.3125,0.6762589928057554,0.9990189520624303,0.9995378358392901,0.8333333333333334,0.9690721649484536,0.9994646442114655,0.9997534592745538,0.45454545454545453,0.7966101694915255,9
10.253565549850464,0.15358948707580566,0.9998809807188764,0.9999576831526051,0.0,0.7777777777777778,0.9985736360394627,0.9996827109179173,0.0,0.963302752293578,0.999226880761225,0.9998201781294295,0.0,0.860655737704918,9
10.331360101699829,0.17553091049194336,0.9998809807188764,0.9999682623644538,0.1388888888888889,0.7037037037037037,0.9987714987714987,0.9995769971024302,0.625,0.9693877551020408,0.9993259318001585,0.9997725914526118,0.2272727272727273,0.8154506437768241,9
10.371252536773682,0.14560937881469727,0.9998739813492397,0.9999791503778994,0.029411764705882353,0.7007299270072993,0.9986155395200537,0.9995727564503355,0.25,0.9795918367346939,0.9992443642164477,0.9997759121158586,0.05263157894736842,0.8170212765957447,9
4.503981113433838,0.06778502464294434,0.9999134423959145,0.9999689521345407,0.15151515151515152,0.6666666666666666,0.9987895555939824,0.9995241444945587,0.7142857142857143,0.968421052631579,0.9993511830096459,0.9997464988385507,0.25,0.7896995708154506,9
