fit_time,score_time,test_recall-0,train_recall-0,test_recall-1,train_recall-1,test_precision-0,train_precision-0,test_precision-1,train_precision-1,test_f1-0,train_f1-0,test_f1-1,train_f1-1,target_id
11.735601663589478,0.1186821460723877,0.99995407366584,0.999989794356279,0.19230769230769232,0.39316239316239315,0.9990364320455171,0.999275916577431,0.8333333333333334,0.9787234042553191,0.9994950422328314,0.9996327280146909,0.3125,0.5609756097560975,24
12.221295595169067,0.11768674850463867,0.99995407366584,0.9999795887125581,0.0,0.3247863247863248,0.998807284737832,0.999194387224409,0.0,0.95,0.9993803502168773,0.9995868337694532,0.0,0.48407643312101917,24
10.880888938903809,0.132645845413208,0.9999614806825623,0.9999680163756157,0.0,0.6428571428571429,0.998807279442884,0.9995737198273565,0.0,0.96,0.9993840468124423,0.9997708292251364,0.0,0.7700534759358291,24
9.701045274734497,0.18650221824645996,0.9999614806825623,1.0,0.0,0.45535714285714285,0.998807279442884,0.9993500889632321,0.0,1.0,0.9993840468124423,0.999674938851202,0.0,0.6257668711656442,24
5.910187721252441,0.10073018074035645,0.9999588240138352,0.9999790516690583,0.0,0.5614035087719298,0.9988072715308053,0.9994765548936883,0.0,0.9696969696969697,0.9993827160493828,0.9997277401384338,0.0,0.711111111111111,24
