fit_time,score_time,test_recall-0,train_recall-0,test_recall-1,train_recall-1,test_precision-0,train_precision-0,test_precision-1,train_precision-1,test_f1-0,train_f1-0,test_f1-1,train_f1-1,target_id
14.568019390106201,0.21642231941223145,0.9996727666322652,0.9998870977858622,0.6013071895424836,0.23452768729641693,0.9984663733500942,0.9970603319948462,0.8761904761904762,0.8888888888888888,0.9990692058061432,0.9984717141854988,0.7131782945736433,0.37113402061855666,3
14.54707956314087,0.1456289291381836,1.0,0.9999401364888055,0.0,0.5647668393782384,0.9961634176690171,0.9983265265464688,0.0,0.9732142857142857,0.9980780219209392,0.9991326800187421,0.0,0.7147540983606557,3
17.890138387680054,0.08776664733886719,0.9999025008531175,0.9998989174054119,0.0,0.4540682414698163,0.9961631860126275,0.9979016816810757,0.0,0.9453551912568307,0.9980293409240203,0.9988993012077391,0.0,0.6134751773049645,3
16.3462655544281,0.09375,0.9997531229941243,0.999889100605914,0.0,0.5314136125654451,0.9961625504280233,0.998198415813682,0.0,0.9485981308411215,0.9979546070627665,0.9990430429220433,0.0,0.6812080536912751,3
8.347663640975952,0.11369752883911133,0.9998479781088476,0.999899707144863,0.013157894736842105,0.5052083333333334,0.9962132687064525,0.9980978696139676,0.25,0.9509803921568627,0.9980273141122912,0.9989979759113409,0.025,0.6598639455782314,3
