fit_time,score_time,test_recall-0,train_recall-0,test_recall-1,train_recall-1,test_precision-0,train_precision-0,test_precision-1,train_precision-1,test_f1-0,train_f1-0,test_f1-1,train_f1-1,target_id
8.055447340011597,0.19049072265625,1.0,1.0,0.3125,0.4583333333333333,0.9996329662996329,0.9997108058506201,1.0,1.0,0.9998164494652005,0.9998553820139723,0.47619047619047616,0.6285714285714286,36
7.945736885070801,0.14261960983276367,1.0,0.9999899235195131,0.0,0.660377358490566,0.9994662267080745,0.999818654415765,0.0,0.9722222222222222,0.9997330421065405,0.9999042816336607,0.0,0.7865168539325842,36
8.591012477874756,0.16156744956970215,1.0,0.9999893189780398,0.0,0.62,0.9994662193076101,0.9997970995920634,0.0,0.96875,0.9997330384043324,0.999893200046992,0.0,0.7560975609756097,36
8.160154104232788,0.11967849731445312,1.0,0.9999902899423223,0.0,0.6363636363636364,0.9994662238301406,0.99980583466822,0.0,0.9722222222222222,0.9997330406668051,0.999898053798467,0.0,0.7692307692307692,36
3.7300403118133545,0.07380986213684082,1.0,0.9999893189780398,0.0,0.7,0.9994662193076101,0.9998398086247037,0.0,0.9722222222222222,0.9997330384043324,0.9999145582125577,0.0,0.813953488372093,36
