fit_time,score_time,test_recall-0,train_recall-0,test_recall-1,train_recall-1,test_precision-0,train_precision-0,test_precision-1,train_precision-1,test_f1-0,train_f1-0,test_f1-1,train_f1-1,target_id
7.286504030227661,0.13563871383666992,0.9997638910750827,0.9999682173088535,0.0,0.8461538461538461,0.9991741062649939,0.9998728813559322,0.0,0.9565217391304348,0.9994689116623066,0.9999205470599765,0.0,0.8979591836734695,33
6.971350193023682,0.12665867805480957,0.9998055609566401,0.9999697675121686,0.0,0.8536585365853658,0.9991741559387903,0.9998790810157194,0.0,0.958904109589041,0.9994897587287703,0.9999244222077784,0.0,0.9032258064516128,33
6.644218444824219,0.16455984115600586,0.9998819455375413,0.9999576230784715,0.0,0.7948717948717948,0.9991742036964215,0.9998305138607884,0.0,0.9393939393939394,0.9995279493332283,0.9998940644300137,0.0,0.8611111111111112,33
6.4068603515625,0.20046472549438477,0.9999212970250275,1.0,0.0,0.8076923076923077,0.9991742361684558,0.9998411117937419,0.0,1.0,0.9995476270086345,0.9999205495850041,0.0,0.8936170212765957,33
3.1774978637695312,0.06485939025878906,0.9999130132219902,0.9999690117858507,0.0,0.8625,0.9991742361684558,0.9998863859366447,0.0,0.9583333333333334,0.9995434881850395,0.9999276971543666,0.0,0.9078947368421054,33
