fit_time,score_time,test_recall-0,train_recall-0,test_recall-1,train_recall-1,test_precision-0,train_precision-0,test_precision-1,train_precision-1,test_f1-0,train_f1-0,test_f1-1,train_f1-1,target_id
12.563110589981079,0.1649930477142334,1.0,0.9999500828624484,0.0,0.5154639175257731,0.9990325372982332,0.9995309755708127,0.0,0.9090909090909091,0.9995160345398507,0.9997404852925029,0.0,0.6578947368421052,43
11.718397378921509,0.20476460456848145,1.0,0.999989240138587,0.0,0.5111111111111111,0.9990325221403588,0.9995267850421053,0.0,0.9787234042553191,0.9995160269535759,0.9997579591112258,0.0,0.6715328467153284,43
11.553051948547363,0.21979522705078125,1.0,0.9999791744762381,0.0,0.4946236559139785,0.9990325158793589,0.9995108294043568,0.0,0.9583333333333334,0.999516023820045,0.999744947089534,0.0,0.652482269503546,43
10.938108921051025,0.21779084205627441,0.999959649759916,0.99996842204983,0.0,0.6956521739130435,0.9990324921389986,0.9997053500021047,0.0,0.9552238805970149,0.999495855935792,0.9998368687214192,0.0,0.8050314465408804,43
5.358617544174194,0.09726309776306152,0.9999192995198322,0.99997894803322,0.08333333333333333,0.5434782608695652,0.9991130105229206,0.99955809475711,0.5,0.9615384615384616,0.9995159924172144,0.9997684771055428,0.14285714285714285,0.6944444444444445,43
