fit_time,score_time,test_recall-0,train_recall-0,test_recall-1,train_recall-1,test_precision-0,train_precision-0,test_precision-1,train_precision-1,test_f1-0,train_f1-0,test_f1-1,train_f1-1,target_id
10.144857406616211,0.11070442199707031,1.0,0.9999693999326799,0.0,0.5801526717557252,0.9986655623044358,0.9994392961637663,0.0,0.9620253164556962,0.9993323356739956,0.9997042777749452,0.0,0.7238095238095239,14
9.75490140914917,0.14860224723815918,0.9999606995480448,0.9999787904175106,0.0,0.5952380952380952,0.9986655153465736,0.9994594365420898,0.0,0.974025974025974,0.9993126877835163,0.9997190460287421,0.0,0.7389162561576355,14
8.493276596069336,0.16156888008117676,0.999916485719058,0.9999895609328351,0.0,0.6015625,0.9986654433230461,0.9994678853136346,0.0,0.9871794871794872,0.9992905729666569,0.9997286550684104,0.0,0.7475728155339806,14
9.034827709197998,0.14561152458190918,1.0,0.9999579151147865,0.030303030303030304,0.5905511811023622,0.9987059204141054,0.9994531726502198,1.0,0.9493670886075949,0.9993525412754937,0.9997054801725045,0.05882352941176471,0.7281553398058251,14
4.690483570098877,0.06878113746643066,0.999958242859529,0.9999895609328351,0.125,0.640625,0.9988321167883212,0.9995200283809306,0.8,0.9879518072289156,0.9993948625920747,0.9997547395281606,0.21621621621621623,0.7772511848341233,14
