fit_time,score_time,test_recall-0,train_recall-0,test_recall-1,train_recall-1,test_precision-0,train_precision-0,test_precision-1,train_precision-1,test_f1-0,train_f1-0,test_f1-1,train_f1-1,target_id
14.472790241241455,0.13065147399902344,0.9991637747209098,0.999516395252263,0.42528735632183906,0.7254335260115607,0.9958328124348877,0.9980055215561131,0.7872340425531915,0.916058394160584,0.9974955127937556,0.998760387011377,0.5522388059701493,0.8096774193548388,1
14.19952130317688,0.15757989883422852,0.9990748139114345,0.9994541083594907,0.5317919075144508,0.7157287157287158,0.9966020639315378,0.9979350537724576,0.8070175438596491,0.9051094890510949,0.9978369069870003,0.9986940034302079,0.6411149825783973,0.7993553585817889,1
14.292275667190552,0.12566709518432617,0.9988645443458514,0.9994226146109997,0.36416184971098264,0.7186147186147186,0.9953901600871679,0.9979559105632253,0.7,0.9005424954792043,0.9971243256858587,0.998688724076075,0.4790874524714828,0.7993579454253611,1
14.474787473678589,0.1515944004058838,0.998906598258968,0.9994121166948361,0.3236994219653179,0.7229437229437229,0.9950984499371596,0.997987273699328,0.6829268292682927,0.8994614003590664,0.9969988876996368,0.9986991869918699,0.4392156862745098,0.8016,1
5.956064939498901,0.06781935691833496,0.9990327599983179,0.999443610443327,0.4277456647398844,0.7085137085137085,0.9958499266401174,0.9978827327421755,0.7628865979381443,0.9025735294117647,0.9974388042154764,0.9986625616926199,0.5481481481481483,0.793856103476152,1
