fit_time,score_time,test_recall-0,train_recall-0,test_recall-1,train_recall-1,test_precision-0,train_precision-0,test_precision-1,train_precision-1,test_f1-0,train_f1-0,test_f1-1,train_f1-1,target_id
6.63391637802124,0.8478066921234131,0.9999868637110017,1.0,0.0,0.44776119402985076,0.9984653926365079,0.9991519596607839,0.0,1.0,0.9992255490069963,0.9995757999610194,0.0,0.6185567010309279,70
14.024103879928589,0.1172020435333252,1.0,0.9999817030775423,0.0,0.7916666666666666,0.9984653750239785,0.9996799004947824,0.0,0.9851851851851852,0.9992320982914187,0.9998307790111091,0.0,0.8778877887788779,70
11.150980472564697,0.121673583984375,1.0,0.9999909591443734,0.0,0.8647058823529412,0.9984654170777156,0.9997921016713218,0.0,0.9932432432432432,0.9992321193505923,0.9998915205207015,0.0,0.9245283018867924,70
13.399091482162476,0.1625657081604004,1.0,0.9999906851969149,0.0,0.793939393939394,0.9984653905177288,0.9996833940161469,0.0,0.9924242424242424,0.999232106050196,0.9998370159957158,0.0,0.8821548821548821,70
8.611636877059937,0.06394052505493164,1.0,0.999990741340839,0.0,0.8614457831325302,0.9984653423139228,0.9997870942061854,0.0,0.9930555555555556,0.9992320819112628,0.9998889074043215,0.0,0.9225806451612903,70
