fit_time,score_time,test_recall-0,train_recall-0,test_recall-1,train_recall-1,test_precision-0,train_precision-0,test_precision-1,train_precision-1,test_f1-0,train_f1-0,test_f1-1,train_f1-1,target_id
10.477965831756592,0.2513277530670166,0.9994172352669791,0.999654196390835,0.0,0.5966587112171837,0.994659255679072,0.9978394548778461,0.0,0.9025270758122743,0.9970325690684689,0.9987460012795905,0.0,0.7183908045977011,28
13.049089193344116,0.11668705940246582,0.9997974888618874,0.9998090644156367,0.0,0.6666666666666666,0.9946610254860482,0.9982140886333765,0.0,0.9493333333333334,0.9972226430338837,0.9990109399083237,0.0,0.7832783278327832,28
12.702017307281494,0.10571575164794922,0.9995791024359446,0.9997007630542117,0.0,0.6691449814126395,0.9946599654468352,0.9982271446072328,0.0,0.9230769230769231,0.9971134669885588,0.9989634103798504,0.0,0.7758620689655172,28
11.81339430809021,0.12167525291442871,0.9998048590106352,0.9997569964764489,0.0,0.7358490566037735,0.9946612308289653,0.998584142394822,0.0,0.9420289855072463,0.9972264123400322,0.999170225253486,0.0,0.826271186440678,28
6.6182944774627686,0.06981062889099121,0.9996812071622124,0.9996415806294242,0.0,0.6567717996289425,0.9946606047790231,0.9981608509792226,0.0,0.9076923076923077,0.9971645864801123,0.998900667061299,0.0,0.7621097954790097,28
