fit_time,score_time,test_recall-0,train_recall-0,test_recall-1,train_recall-1,test_precision-0,train_precision-0,test_precision-1,train_precision-1,test_f1-0,train_f1-0,test_f1-1,train_f1-1,target_id
13.152809858322144,0.15558314323425293,0.9998784243799643,0.9999157105077389,0.0,0.424,0.997372463416606,0.9984849600723852,0.0,0.9298245614035088,0.9986238717772291,0.9991998231187946,0.0,0.5824175824175825,13
15.151464700698853,0.1276566982269287,0.9998725411054935,0.9999583550234253,0.0,0.4268774703557312,0.9973724360061027,0.998492582466135,0.0,0.9642857142857143,0.9986209237689092,0.9992249312061423,0.0,0.5917808219178082,13
12.947360515594482,0.14959931373596191,0.9998784243799643,0.9999367828808041,0.0,0.648,0.997372463416606,0.999073615950649,0.0,0.9642857142857143,0.9986238717772291,0.9995050130592299,0.0,0.7751196172248804,13
14.510178327560425,0.11170291900634766,0.99990916935374,0.9999795014758938,0.05172413793103448,0.40077821011673154,0.9975081551286699,0.9984240687679083,0.6,0.9809523809523809,0.9987072191603729,0.9992011797959937,0.09523809523809525,0.569060773480663,13
6.163510322570801,0.07579612731933594,0.9997568487599287,0.9999262466942714,0.12307692307692308,0.604,0.99769482751648,0.9989579276443902,0.5714285714285714,0.9556962025316456,0.998724773799162,0.9994418526280315,0.20253164556962025,0.7401960784313727,13
