fit_time,score_time,test_recall-0,train_recall-0,test_recall-1,train_recall-1,test_precision-0,train_precision-0,test_precision-1,train_precision-1,test_f1-0,train_f1-0,test_f1-1,train_f1-1,target_id
10.539426803588867,0.5065245628356934,0.9999739996359949,1.0,0.0,0.7454545454545455,0.9993244296627345,0.9998279548750215,0.0,1.0,0.9996491091270615,0.9999139700369929,0.0,0.8541666666666666,54
12.550859689712524,0.3391380310058594,0.9998873324069554,0.9999785393909479,0.0,0.5714285714285714,0.9993243750469184,0.9997103594760725,0.0,0.9473684210526315,0.999605774465449,0.9998444314505963,0.0,0.7128712871287128,54
12.12358832359314,0.4862208366394043,1.0,1.0,0.0,0.6349206349206349,0.9993244511165322,0.9997532638896338,0.0,1.0,0.9996621114281424,0.999876616723262,0.0,0.7766990291262136,54
12.69138765335083,0.22668910026550293,1.0,1.0,0.0,0.7101449275362319,0.9993244384394528,0.9998040944264864,0.0,1.0,0.9996621050853185,0.9999020376175549,0.0,0.8305084745762712,54
6.9698708057403564,0.06981277465820312,1.0,1.0,0.0,0.6891891891891891,0.9993243895376894,0.9997899351538954,0.0,1.0,0.9996620806179098,0.9998949565439789,0.0,0.8160000000000001,54
