fit_time,score_time,test_recall-0,train_recall-0,test_recall-1,train_recall-1,test_precision-0,train_precision-0,test_precision-1,train_precision-1,test_f1-0,train_f1-0,test_f1-1,train_f1-1,target_id
15.29052209854126,0.22996187210083008,0.9999198203976908,1.0,0.0,0.49624060150375937,0.9985987108139488,0.9992936736350506,0.0,1.0,0.9992588289497406,0.9996467120492283,0.0,0.6633165829145727,60
16.504470109939575,0.2543177604675293,1.0,0.9999897584006718,0.0,0.39416058394160586,0.9985988067257278,0.9991506605405074,0.0,0.9818181818181818,0.999298912183097,0.9995700333736001,0.0,0.5625,60
15.975698709487915,0.24300146102905273,0.9999149623708491,0.9999792132203918,0.0,0.45185185185185184,0.9985987261146497,0.9992314642682812,0.0,0.9682539682539683,0.9992564108011642,0.9996051989070244,0.0,0.6161616161616161,60
12.502922296524048,0.27193474769592285,0.9998830728456172,0.9999893704093455,0.0,0.6212121212121212,0.9985986765278319,0.9994687971442534,0.0,0.9879518072289156,0.9992404619549341,0.9997290160093091,0.0,0.7627906976744186,60
9.109209537506104,0.1401381492614746,0.9999149623708491,1.0,0.0,0.5037037037037037,0.9985987261146497,0.9993041274589227,0.0,1.0,0.9992564108011642,0.9996519426276773,0.0,0.6699507389162561,60
