fit_time,score_time,test_recall-0,train_recall-0,test_recall-1,train_recall-1,test_precision-0,train_precision-0,test_precision-1,train_precision-1,test_f1-0,train_f1-0,test_f1-1,train_f1-1,target_id
8.289820909500122,0.25532054901123047,0.9998807564808853,0.9999871582488988,0.05714285714285714,0.7230769230769231,0.9992135179580066,0.9997688989317995,0.2857142857142857,0.9791666666666666,0.999547025867207,0.999878016679614,0.09523809523809522,0.831858407079646,19
9.268205165863037,0.09973382949829102,1.0,1.0,0.0,0.686046511627907,0.9991659716430359,0.9997380090629457,0.0,1.0,0.9995828118481436,0.999868987369412,0.0,0.8137931034482759,19
9.119603157043457,0.10172510147094727,1.0,0.9999902940891002,0.0,0.7093023255813954,0.9991659716430359,0.9997574087371669,0.0,0.9838709677419355,0.9995828118481436,0.9998738378525261,0.0,0.8243243243243245,19
8.858304977416992,0.15259170532226562,0.9998682013882787,1.0,0.0,0.6790123456790124,0.9991658617964703,0.999732141017452,0.0,1.0,0.9995169082125603,0.9998660525692148,0.0,0.8088235294117647,19
3.7609689235687256,0.06778979301452637,0.9998608792431831,1.0,0.0,0.8292682926829268,0.9991658556930348,0.999857509261898,0.0,1.0,0.9995132466448787,0.9999287495546847,0.0,0.9066666666666667,19
