fit_time,score_time,test_recall-0,train_recall-0,test_recall-1,train_recall-1,test_precision-0,train_precision-0,test_precision-1,train_precision-1,test_f1-0,train_f1-0,test_f1-1,train_f1-1,target_id
12.111210584640503,0.3028120994567871,1.0,0.9999878684944802,0.0,0.4603174603174603,0.9984737321266,0.9991757276022158,0.0,0.9830508474576272,0.9992362832451263,0.9995816330861532,0.0,0.6270270270270271,68
12.061716318130493,0.18285918235778809,1.0,1.0,0.0,0.5633802816901409,0.9984737371105238,0.9993330392968943,0.0,1.0,0.999236285740896,0.9996664084022039,0.0,0.7207207207207207,68
12.653526782989502,0.1655583381652832,1.0,1.0,0.0,0.6209150326797386,0.9984737484737485,0.9994208744795359,0.0,1.0,0.9992362914311899,0.9997103533688899,0.0,0.7661290322580645,68
12.845013618469238,0.16907882690429688,1.0,1.0,0.0,0.6129032258064516,0.9984736985554648,0.9994086456013088,0.0,1.0,0.9992362664339098,0.999704235349791,0.0,0.76,68
7.258891820907593,0.08378362655639648,0.9998867689520466,1.0,0.0,0.6794871794871795,0.9984735413839891,0.9995103128121756,0.0,1.0,0.9991796554552912,0.9997550964430207,0.0,0.8091603053435115,68
