fit_time,score_time,test_recall-0,train_recall-0,test_recall-1,train_recall-1,test_precision-0,train_precision-0,test_precision-1,train_precision-1,test_f1-0,train_f1-0,test_f1-1,train_f1-1,target_id
14.888167142868042,0.1635591983795166,0.9990855749447535,0.9991467115993217,0.016877637130801686,0.6650717703349283,0.9911925911925912,0.9969822383169512,0.14285714285714285,0.8755905511811024,0.9951234321929375,0.9980633014506358,0.030188679245283016,0.7559483344663495,20
19.494875192642212,0.12264037132263184,0.9993267060081588,0.9991771746099594,0.0,0.3455621301775148,0.991044776119403,0.9941205239431827,0.0,0.7913279132791328,0.9951685105208149,0.9966424353535568,0.0,0.48105436573311366,20
17.380499362945557,0.13364315032958984,0.9996092902105491,0.9996555107835564,0.0,0.5167630057803468,0.9910476026512869,0.9956539369300991,0.0,0.93125,0.995310034796516,0.997650711297943,0.0,0.6646840148698885,20
17.478240251541138,0.1635594367980957,0.9991560825351281,0.9992010932408283,0.0,0.5029103608847497,0.9910434018331729,0.9955279060755543,0.0,0.8503937007874016,0.9950832072617246,0.9973611176689697,0.0,0.6320409656181418,20
9.042837858200073,0.061835289001464844,0.9991746771531217,0.9991041524569637,0.0,0.5839909808342728,0.9910434824481148,0.996254263439987,0.0,0.8547854785478548,0.9950924694790282,0.9976771727583702,0.0,0.6939048894842599,20
