fit_time,score_time,test_recall-0,train_recall-0,test_recall-1,train_recall-1,test_precision-0,train_precision-0,test_precision-1,train_precision-1,test_f1-0,train_f1-0,test_f1-1,train_f1-1,target_id
13.185734272003174,0.3439178466796875,0.9999720997712181,0.999964252946153,0.0,0.65625,0.9988573658101555,0.9996069229211583,0.0,0.9545454545454546,0.9994144219508114,0.9997855560056231,0.0,0.7777777777777778,62
14.401899337768555,0.1566615104675293,0.9999455278352761,0.9999901387478182,0.2857142857142857,0.7068965517241379,0.9991835401698237,0.9996648264984227,0.8571428571428571,0.9879518072289156,0.9995643887830112,0.9998274561615405,0.42857142857142855,0.8241206030150755,62
13.769728183746338,0.22371649742126465,0.9999560033437459,0.9999690836390618,0.0,0.7117117117117117,0.9988573437637338,0.9996703240096843,0.0,0.9634146341463414,0.9994063716113711,0.9998196815060201,0.0,0.8186528497409327,62
13.108772993087769,0.20290732383728027,1.0,0.999989786538658,0.0,0.7678571428571429,0.9988574040219378,0.9997345177924133,0.0,0.9885057471264368,0.999428375443009,0.9998621358727565,0.0,0.864321608040201,62
5.485400915145874,0.0997323989868164,0.9999523355576739,0.9999797540112365,0.0,0.8584070796460177,0.9988573060991287,0.999838055041043,0.0,0.9797979797979798,0.999404520877498,0.9999088995060329,0.0,0.9150943396226415,62
