fit_time,score_time,test_recall-0,train_recall-0,test_recall-1,train_recall-1,test_precision-0,train_precision-0,test_precision-1,train_precision-1,test_f1-0,train_f1-0,test_f1-1,train_f1-1,target_id
13.16827940940857,0.15459060668945312,0.9998414208690136,0.9999575583307692,0.0,0.4,0.9964047252182845,0.9978400584454774,0.0,0.9714285714285714,0.9981201147719403,0.9988976862009391,0.0,0.5666666666666667,8
12.830184698104858,0.13862895965576172,0.9998302279190188,0.9999582942341779,0.17647058823529413,0.315028901734104,0.9970372878486478,0.9975349219391948,0.7894736842105263,0.9646017699115044,0.9984318046961093,0.9987451380608479,0.28846153846153844,0.47494553376906307,8
13.561229228973389,0.1406242847442627,0.9997877848987734,0.9999374413512668,0.0,0.33815028901734107,0.9964045514149148,0.9976178835571552,0.0,0.9512195121951219,0.998093301131308,0.9987763157209583,0.0,0.4989339019189765,8
14.326180219650269,0.10870885848999023,0.9999570520529119,0.9999792071693681,0.0,0.31412103746397696,0.9964051868019002,0.9975317092394969,0.0,0.9819819819819819,0.9981779597436283,0.998753958776803,0.0,0.47598253275109176,8
6.668185710906982,0.07580304145812988,0.9997483010319658,0.9999372601507848,0.0,0.3333333333333333,0.9964043816372606,0.9976005925493182,0.0,0.9504132231404959,0.998073540497529,0.9987675596636901,0.0,0.4935622317596566,8
