fit_time,score_time,test_recall-0,train_recall-0,test_recall-1,train_recall-1,test_precision-0,train_precision-0,test_precision-1,train_precision-1,test_f1-0,train_f1-0,test_f1-1,train_f1-1,target_id
10.808677911758423,0.3148155212402344,0.9999521599770368,0.9999614826607778,0.3287671232876712,0.8088235294117647,0.9988292356581369,0.9996662816069825,0.9230769230769231,0.9734513274336283,0.9993903823856369,0.9998138603439091,0.48484848484848486,0.8835341365461847,82
10.885987281799316,0.2454850673675537,1.0,0.9999568858661091,0.0,0.9382716049382716,0.9982568705262768,0.9998922216354289,0.0,0.9743589743589743,0.9991276749754078,0.9999245527053244,0.0,0.9559748427672956,82
11.764810562133789,0.11420583724975586,0.9999436714921421,0.9999607612320973,0.0,0.9157303370786517,0.9982567620761401,0.9998528704966111,0.0,0.9760479041916168,0.9990995047276,0.9999068129539803,0.0,0.9449275362318841,82
11.498541593551636,0.12601232528686523,1.0,0.9999609805585633,0.06666666666666667,0.9106145251396648,0.998372849837285,0.9998439405023165,1.0,0.9760479041916168,0.9991857624752821,0.9999024571055123,0.125,0.9421965317919075,82
4.699793577194214,0.06143498420715332,1.0,0.9999710586737155,0.0,0.8950276243093923,0.9982568635995767,0.9998167332214442,0.0,0.9818181818181818,0.9991276715060128,0.9998938899928617,0.0,0.9364161849710984,82
