fit_time,score_time,test_recall-0,train_recall-0,test_recall-1,train_recall-1,test_precision-0,train_precision-0,test_precision-1,train_precision-1,test_f1-0,train_f1-0,test_f1-1,train_f1-1,target_id
11.43839716911316,0.14561033248901367,0.9999249361957664,0.9999892485835009,0.0,0.5208333333333334,0.9979398434281005,0.9990118364804194,0.0,0.9900990099009901,0.998931403610731,0.9995003035790085,0.0,0.6825938566552902,18
10.970648288726807,0.14760589599609375,0.9999560787069571,0.9999896786978645,0.0,0.655,0.9979398614885596,0.9992883296374607,0.0,0.9924242424242424,0.9989469527445043,0.9996388811506278,0.0,0.789156626506024,18
12.017847537994385,0.11469364166259766,0.999951992318771,1.0,0.0,0.5392156862745098,0.9979398236872364,0.9990497275548681,0.0,1.0,0.9989448947292695,0.9995246379156889,0.0,0.7006369426751593,18
10.599640607833862,0.15259170532226562,0.9999578716771286,1.0,0.0,0.696969696969697,0.9979398780744166,0.9993748567380024,0.0,1.0,0.9989478557299776,0.9996873306374287,0.0,0.8214285714285715,18
4.202789306640625,0.09271931648254395,0.9999221032132425,1.0,0.0,0.7525773195876289,0.9979398274119567,0.9994895137618581,0.0,1.0,0.9989299819069668,0.9997446917152462,0.0,0.8588235294117647,18
