fit_time,score_time,test_recall-0,train_recall-0,test_recall-1,train_recall-1,test_precision-0,train_precision-0,test_precision-1,train_precision-1,test_f1-0,train_f1-0,test_f1-1,train_f1-1,target_id
14.935038089752197,0.10871100425720215,0.9998318197107299,0.9998745504725266,0.07608695652173914,0.14864864864864866,0.9964382987638801,0.9967173480340562,0.6363636363636364,0.8208955223880597,0.9981321748620117,0.99829345301777,0.1359223300970874,0.2517162471395881,10
14.045421361923218,0.14162206649780273,0.9997557003257329,0.9999367622259696,0.0,0.17166212534059946,0.9961458882713294,0.9968059845762677,0.0,0.9130434782608695,0.997947529923388,0.9983689189615802,0.0,0.2889908256880734,10
13.057066440582275,0.1625657081604004,0.9996636394214599,0.9997909174542109,0.0,0.4,0.9961454667337021,0.9976840743599908,0.0,0.8809523809523809,0.9979014521950811,0.9987363848073769,0.0,0.5501858736059481,10
14.139171838760376,0.1296532154083252,0.9997024568562441,0.9999374439602143,0.0,0.2398921832884097,0.9961457009741634,0.9970683023183283,0.0,0.9368421052631579,0.9979209097080788,0.9985008120601342,0.0,0.3819742489270386,10
6.982319116592407,0.0777897834777832,0.9997477295660948,0.9999059128543949,0.0,0.22162162162162163,0.9961457896941768,0.9969979673737427,0.0,0.9010989010989011,0.9979435094640533,0.9984498227996096,0.0,0.35574837310195223,10
