fit_time,score_time,test_recall-0,train_recall-0,test_recall-1,train_recall-1,test_precision-0,train_precision-0,test_precision-1,train_precision-1,test_f1-0,train_f1-0,test_f1-1,train_f1-1,target_id
11.349663019180298,0.21011900901794434,1.0,1.0,0.0,0.6440677966101694,0.9993744868837718,0.9997772710399321,0.0,1.0,0.9996871455946188,0.9998886231165373,0.0,0.7835051546391751,78
12.327929258346558,0.20253896713256836,1.0,0.9999897393802586,0.0,0.45901639344262296,0.9993744694160225,0.9996615106880564,0.0,0.9655172413793104,0.9996871368552784,0.9998255980959416,0.0,0.6222222222222222,78
12.241631507873535,0.18504738807678223,1.0,1.0,0.0,0.45161290322580644,0.9993744887648559,0.999656881048733,0.0,1.0,0.9996871465357495,0.9998284110866624,0.0,0.6222222222222222,78
10.839472532272339,0.2922184467315674,1.0,1.0,0.0,0.5666666666666667,0.9993744787322769,0.9997288503253796,0.0,1.0,0.9996871415163208,0.999864406779661,0.0,0.7234042553191489,78
5.10645604133606,0.09770560264587402,1.0,1.0,0.0,0.603448275862069,0.9993744940760909,0.9997518583650703,0.0,1.0,0.9996871491930289,0.9998759137870572,0.0,0.7526881720430108,78
