fit_time,score_time,test_recall-0,train_recall-0,test_recall-1,train_recall-1,test_precision-0,train_precision-0,test_precision-1,train_precision-1,test_f1-0,train_f1-0,test_f1-1,train_f1-1,target_id
9.89951229095459,0.11668968200683594,0.9999571679444896,0.9999896167544051,0.0,0.5656565656565656,0.9979481918440626,0.9991078282880678,0.0,0.9911504424778761,0.9989516698401832,0.9995485280457491,0.0,0.7202572347266881,35
7.968677759170532,0.14561152458190918,0.9999562573815669,0.9999793377757116,0.0,0.8090452261306532,0.9979482254332737,0.9996075636934453,0.0,0.9877300613496932,0.9989512323020451,0.9997934161734477,0.0,0.8895027624309392,35
9.39087438583374,0.15558266639709473,0.999871503833469,0.9999896167544051,0.0625,0.696969696969697,0.9980760186412416,0.9993773866843766,0.5,0.9928057553956835,0.9989729544676481,0.9996834079833089,0.1111111111111111,0.8189910979228487,35
9.191410541534424,0.1545851230621338,0.9999193743449165,0.9999894570374275,0.0,0.6717948717948717,0.9979480989740495,0.9993256982710482,0.0,0.9924242424242424,0.998932764140875,0.9996574674725843,0.0,0.8012232415902141,35
5.750645875930786,0.11665630340576172,0.9999604633693117,0.9999682078780878,0.11538461538461539,0.6752577319587629,0.9981845449522456,0.9993327896804803,0.8571428571428571,0.9776119402985075,0.9990717149572397,0.999650397804922,0.20338983050847456,0.7987804878048781,35
