fit_time,score_time,test_recall-0,train_recall-0,test_recall-1,train_recall-1,test_precision-0,train_precision-0,test_precision-1,train_precision-1,test_f1-0,train_f1-0,test_f1-1,train_f1-1,target_id
14.61092495918274,0.24103188514709473,0.999937374749499,0.9999314974654062,0.0,0.6859205776173285,0.9968471983767754,0.9990076309756014,0.0,0.9693877551020408,0.9983898954213628,0.9994693507249354,0.0,0.8033826638477801,48
14.042128086090088,0.2156360149383545,1.0,0.9999897652140094,0.0,0.7637540453074434,0.996847443688034,0.9992534107877028,0.0,0.9957805907172996,0.9984212332685047,0.9996214523950809,0.0,0.8644688644688645,48
14.571033239364624,0.19285345077514648,0.9999109131403118,0.9999381914827863,0.0,0.7719869706840391,0.9968471068875172,0.9992793757334926,0.0,0.9753086419753086,0.9983766594765282,0.9996086750561242,0.0,0.8618181818181818,48
15.714710235595703,0.132645845413208,0.9998644619137977,0.9999691960160181,0.0,0.7694805194805194,0.9968469888743751,0.9992714810482465,0.0,0.9875,0.9983534453591969,0.9996202167843653,0.0,0.864963503649635,48
7.366844177246094,0.1156914234161377,0.9999527967901818,0.9999593243779172,0.0,0.842443729903537,0.9968472071902499,0.9995019515368353,0.0,0.9849624060150376,0.9983975869544727,0.9997305856458065,0.0,0.9081455805892549,48
