fit_time,score_time,test_recall-0,train_recall-0,test_recall-1,train_recall-1,test_precision-0,train_precision-0,test_precision-1,train_precision-1,test_f1-0,train_f1-0,test_f1-1,train_f1-1,target_id
10.950792789459229,0.7298429012298584,0.9999164047348358,0.9999331237878687,0.0,0.6834532374100719,0.997681246455143,0.9992648533048185,0.0,0.9595959595959596,0.9987975751098049,0.9995988768551946,0.0,0.7983193277310924,56
12.173415422439575,0.318040132522583,0.9999625159307295,0.9999246874529296,0.0,0.8148148148148148,0.9976812895022252,0.9995697953301284,0.0,0.9617486338797814,0.9988206001834622,0.9997472098964637,0.0,0.8822055137844611,56
14.292587041854858,0.12301373481750488,0.9999250318614589,0.9998776873500494,0.0,0.8380566801619433,0.9976812027825567,0.9996237489653097,0.0,0.9409090909090909,0.9988018571214616,0.999750702032484,0.0,0.8865096359743041,56
14.420651912689209,0.0651392936706543,0.9997676039972112,0.9998919094200941,0.0,0.8953488372093024,0.9976808905380334,0.9997568290508227,0.0,0.9506172839506173,0.9987231572838073,0.9998243646729805,0.0,0.9221556886227545,56
8.359257698059082,0.16954588890075684,1.0,0.999917002499147,0.0,0.7817460317460317,0.9976812628199412,0.9994930081210881,0.0,0.9563106796116505,0.9988392857142857,0.9997049603540475,0.0,0.8602620087336245,56
