fit_time,score_time,test_recall-0,train_recall-0,test_recall-1,train_recall-1,test_precision-0,train_precision-0,test_precision-1,train_precision-1,test_f1-0,train_f1-0,test_f1-1,train_f1-1,target_id
11.767516613006592,0.13863039016723633,0.9998746448270098,0.9999895539538285,0.0,0.24479166666666666,0.9979980814947658,0.9984875983061101,0.0,0.9791666666666666,0.9989354818510091,0.9992380117325317,0.0,0.39166666666666666,12
13.002212762832642,0.13164758682250977,0.9999582149423366,1.0,0.0,0.16666666666666666,0.997998248467409,0.9983314214203776,0.0,1.0,0.9989772703554508,0.9991650140903873,0.0,0.2857142857142857,12
11.729613542556763,0.17353582382202148,1.0,0.9999894992176918,0.0,0.17277486910994763,0.9979983660130719,0.9983436071623265,0.0,0.9705882352941176,0.9989981803684244,0.9991658753849302,0.0,0.29333333333333333,12
13.091972589492798,0.10471963882446289,0.9999563985175496,0.9999896616249858,0.0,0.25257731958762886,0.9979982593559618,0.9985031640016104,0.0,0.98,0.9989763693781989,0.9992458599778924,0.0,0.40163934426229503,12
6.330094575881958,0.07277417182922363,1.0,0.9999684976530752,0.0,0.24607329842931938,0.9979983660130719,0.9984901228872206,0.0,0.94,0.9989981803684244,0.9992287634507326,0.0,0.3900414937759336,12
