fit_time,score_time,test_recall-0,train_recall-0,test_recall-1,train_recall-1,test_precision-0,train_precision-0,test_precision-1,train_precision-1,test_f1-0,train_f1-0,test_f1-1,train_f1-1,target_id
12.566730976104736,0.3039541244506836,0.9997532827106006,0.9999036794451936,0.0,0.6,0.9969383849980865,0.9987733012627781,0.0,0.9503105590062112,0.9983438496598732,0.9993381707038254,0.0,0.735576923076923,51
14.552792072296143,0.18849396705627441,1.0,0.9998628417087813,0.0,0.6563573883161512,0.9969391864679823,0.9989459037820972,0.0,0.9362745098039216,0.9984672474991934,0.9994041624263771,0.0,0.7717171717171717,51
14.026087760925293,0.13767266273498535,0.999897656329956,0.99979998599902,0.11666666666666667,0.6840390879478827,0.9972949522788751,0.9990306785250325,0.7777777777777778,0.9130434782608695,0.998594608406797,0.9994151842169716,0.2028985507246377,0.7821229050279329,51
13.235020160675049,0.19184589385986328,0.9996989946421047,0.9998736932105242,0.0,0.7816455696202531,0.9969382241700186,0.9993299669838803,0.0,0.95,0.9983167007334375,0.9996017561582096,0.0,0.8576388888888888,51
4.882051944732666,0.09075641632080078,0.999864547588947,0.9998459753355171,0.0,0.8494983277591973,0.9969387295727727,0.9995380683043,0.0,0.9442379182156134,0.9983994950519601,0.9996919981109218,0.0,0.8943661971830986,51
