fit_time,score_time,test_recall-0,train_recall-0,test_recall-1,train_recall-1,test_precision-0,train_precision-0,test_precision-1,train_precision-1,test_f1-0,train_f1-0,test_f1-1,train_f1-1,target_id
4.809131860733032,0.626323938369751,0.9997769406166352,0.9999229069229583,0.0,0.7789473684210526,0.997564142194745,0.9994605979656838,0.0,0.961038961038961,0.9986693156568939,0.9996916989954525,0.0,0.8604651162790697,30
7.5368359088897705,0.1047205924987793,1.0,0.9999904264077968,0.43243243243243246,0.8941176470588236,0.9986163273374185,0.9997415773353752,1.0,0.9956331877729258,0.9993076846998319,0.999865986388046,0.6037735849056604,0.9421487603305785,30
8.64786434173584,0.07081198692321777,1.0,0.9999910247895313,0.0,0.8602941176470589,0.997564539698003,0.9996590552240815,0.0,0.9957446808510638,0.9987807851743478,0.9998250124510372,0.0,0.9230769230769231,30
7.787166595458984,0.07380270957946777,1.0,0.9999910902821708,0.0,0.8978102189781022,0.9975646056014071,0.9997505878999501,0.0,0.9959514170040485,0.9987808182064482,0.9998708246288436,0.0,0.944337811900192,30
5.068439483642578,0.040891170501708984,1.0,1.0,0.0,0.9007352941176471,0.997564539698003,0.999757728027278,0.0,1.0,0.9987807851743478,0.999878849337934,0.0,0.9477756286266924,30
