fit_time,score_time,test_recall-0,train_recall-0,test_recall-1,train_recall-1,test_precision-0,train_precision-0,test_precision-1,train_precision-1,test_f1-0,train_f1-0,test_f1-1,train_f1-1,target_id
10.582686185836792,0.18151473999023438,1.0,0.9999770792028146,0.20833333333333334,0.24031007751937986,0.9988309850489141,0.9988781152335925,1.0,0.9393939393939394,0.9994151506756549,0.9994272951148273,0.3448275862068966,0.38271604938271603,31
10.668455123901367,0.1206815242767334,0.9998695538742499,0.9999689848749573,0.0,0.5244755244755245,0.9985236006774068,0.9992974626002149,0.0,0.9615384615384616,0.9991961240141656,0.9996331109606809,0.0,0.6787330316742082,31
12.075689315795898,0.09774112701416016,1.0,1.0,0.0,0.35664335664335667,0.9985237929836749,0.9990497732883008,0.0,1.0,0.9992613512926353,0.9995246608041499,0.0,0.5257731958762887,31
10.323381185531616,0.17852234840393066,1.0,1.0,0.0,0.4647887323943662,0.9985237673457337,0.999209379258689,0.0,1.0,0.9992613384547201,0.9996045332972557,0.0,0.6346153846153846,31
4.680506706237793,0.05086040496826172,1.0,0.9999706282614867,0.0,0.48344370860927155,0.9985237338178514,0.9992368951415658,0.0,0.9605263157894737,0.9992613216660037,0.999603627057102,0.0,0.6431718061674009,31
