neighborhood,"Valor do rendimento nominal médio mensal das pessoas com rendimento, responsáveis pelos domicílios particulares permanentes (R$)",Pessoas com rendimento responsáveis pelos domicílios particulares permanentes/Km2,"Valor do rendimento total mensal das pessoas com rendimento, responsáveis pelos domicílios particulares permanentes (R$)/Km2",cluster_inc,adult_pop/Km2,target_pop/Km2,cluster_pop,Comércio varejista_x,"Instituições de crédito, seguros e capitalização_x","Comércio e administração de imóveis, valores mobiliários, serviços técnicos_x","Serviços de alojamento, alimentação, reparação, manutenção, redação..._x","Serviços médicos, odontológicos e veterinários_x",Ensino_x,cluster_com
botafogo,5146.563820273229,6757.094905283595,34775820.16968511,0,9424.133413092666,3.7043474922511024,5,887.0,133.0,1181.0,896.0,564.0,145.0,6
copacabana,5065.249034749035,14778.886684438312,74858741.51301652,0,19084.8230780926,6.7134859470889205,4,1255.0,87.0,2400.0,1133.0,783.0,95.0,6
flamengo,5492.289700752708,13234.899025720433,72689899.60946639,0,16458.58220588834,5.859364604465729,4,190.0,17.0,777.0,283.0,156.0,42.0,1
leblon,8407.64424607687,8168.7023926132015,68679543.66916876,0,12039.872192614966,3.4917162035288856,5,551.0,85.0,1231.0,400.0,337.0,24.0,1
meier,3372.6737392735395,6885.657745885088,23223077.057172067,0,10906.810641330852,3.8637224932388,5,581.0,39.0,650.0,327.0,288.0,98.0,1
tijuca,4172.251077306474,5740.665065137297,23951496.002474725,0,8468.18386302386,3.2454234927719234,5,1288.0,89.0,1993.0,892.0,843.0,175.0,6
vila isabel,3096.9277699133368,9002.75615464202,27880885.54106909,0,13751.093792949914,5.692347942545984,4,276.0,22.0,556.0,214.0,106.0,42.0,1
